Source,Date,Description,Amount
barclaycard,Sep 06,SWIFT MART 2047 WIRT HOUSTON TX,$27.29
barclaycard,Sep 06,PIZZA ZONE SPRING TX,$34.02
barclaycard,Sep 06,GALIANA'S BAKERY & CAFE CYPRESS TX,$15.85
barclaycard,Sep 07,SQ * BLACK HOLE COFFEE HOUHouston TX,$17.99
barclaycard,Sep 07,RICE PARKING HOUSTON TX,$3.00
barclaycard,Sep 07,AL QUICK STOP HOUSTON TX,$12.30
barclaycard,Sep 07,AL QUICK STOP HOUSTON TX,$14.69
barclaycard,Sep 08,TST * SLOWPOKES -SPRING BHOUSTON TX,$1.60
barclaycard,Sep 08,TST * SLOWPOKES - SPRING BHOUSTON TX,$9.20
barclaycard,Oct 16,SPANISH VILLAGE RESTAURANHOUSTON TX,$37.93
barclaycard,Oct 16,SPANISH VILLAGE RESTAURANHOUSTON TX,$3.17
barclaycard,Oct 16,SHELL OIL 57545871006 GALVESTON TX,$9.28
barclaycard,Oct 17,WITT PIT BBQ ROSENBERG TX,$36.37
barclaycard,Oct 16,IN * SOUNDWAVES MONTROSE HOUSTON TX,$108.23
barclaycard,Oct 17,CONNER'S CORNER EDNA TX,$71.67
barclaycard,Oct 17,SE40825 CORPUS CHRISTTX,$90.12
barclaycard,Oct 16,GALVESTON RAILROAD MUSEUMGALVESTON TX,$15.10
barclaycard,Oct 18,LOVE S COUNTRY00002972 EDNA TX,$60.92
barclaycard,Oct 18,LOVE S COUNTRY00002972 EDNA TX,$12.44
barclaycard,Oct 18,ISLAND JOES COFFEE AND GACORPUS CHRISTTX,$26.21
barclaycard,Oct 21,MACSTADIUM 877-250-3497 GA,$34.00
barclaycard,Oct 26,TST * CANDENTE TEX MEX HOUSTON TX,$56.10
barclaycard,Oct 28,KATZ COFFEE 7138643338 TX,$70.00
barclaycard,Oct 30,EXXONMOBIL 48341648 HOUSTON TX,$44.39
barclaycard,Oct 31,KROGER # 346 HOUSTON TX,$82.02
barclaycard,Nov 01,SPANISH FLOWERS RESTAURANHOUSTON TX,$35.48
barclaycard,Nov 01,SPANISH FLOWERS RESTAURANHOUSTON TX,$10.15
barclaycard,Nov 01,JACK IN THE BOX 3600 HOUSTON TX,$4.95
barclaycard,Nov 03,TST * RUDY S COUNTRY STOREHOUSTON TX,$8.74
barclaycard,Nov 05,CHUY'S HOUSTON TX,$65.51
barclaycard,Nov 07,CVS / PHARMACY # 06726 HOUSTON TX,$120.22
barclaycard,Nov 10,EXXONMOBIL,$49.91
barclaycard,Nov 12,MCREE FORD,$228.27
barclaycard,Nov 17,MACSTADIUM 877-250-3497 GA,$34.00
barclaycard,Nov 17,EXXONMOBIL 48341648 HOUSTON TX,$48.79
barclaycard,Nov 20,SQ * BLACK HOLE COFFEE HOUHouston TX,$11.41
barclaycard,Nov 20,SQ * CANDIDO SERRANO HOUSTON TX,$9.00
barclaycard,Nov 22,SQ * 7TACO HOUSTON TX,$16.93
barclaycard,Nov 22,LA CASONA DINING BAY CITY TX,$51.06
barclaycard,Nov 24,SUNOCO 0864705900 HOUSTON TX,$8.25
barclaycard,Nov 26,TST * RUDY S COUNTRY STOREHOUSTON TX,$8.74
barclaycard,Nov 25,RUDY'S # 212 GAS HOUSTON TX,$48.99
barclaycard,Nov 26,EXXONMOBIL 48341648 HOUSTON TX,$23.26
barclaycard,Nov 27,BRICKS AND MINIFIGS PEARLPEARLAND TX,$100.68
barclaycard,Nov 28,TST * SLOWPOKES -SPRING BHOUSTON TX,$6.25
barclaycard,Nov 28,TARGET 00019083 KATY TX,$91.80
barclaycard,Nov 29,TARGET.COM * 800-591-3869 MN,$21.64
barclaycard,Nov 29,SWIFT MART 2047 WIRT HOUSTON TX,$27.81
barclaycard,Nov 30,SWIFT MART 2047 WIRT HOUSTON TX,$30.76
barclaycard,Dec 01,BANDCAMP HIDDEN DEPTH 415-213-2160 CA,$20.00
barclaycard,Dec 01,CHUY'S HOUSTON TX,$66.13
barclaycard,Dec 03,MCDONALD'S F25405 MONTGOMERY TX,$10.36
barclaycard,Dec 04,"APPLE.COM/US 800-676-2775 CA
** Special Promotional Offer **",$53.04
barclaycard,Dec 03,EXXONMOBIL 48341648 HOUSTON TX,$11.56
barclaycard,Dec 10,"CANYON OF THE EAGLES RES BURNET TX
12/10/20",$91.88
barclaycard,Dec 10,PEOPLES PHARMACY # 1 AUSTIN TX,$52.71
barclaycard,Dec 10,CIRCLE K # 2741559 BURNET TX,$65.40
barclaycard,Dec 12,TST * GOODE COMPANY KITCHEHOUSTON TX,$77.80
barclaycard,Dec 12,SQ * MOON VALLEY NUR HOUSTON TX,$243.56
barclaycard,Dec 12,"CANYON OF THE EAGLES RES BURNET
12/12/20
TX",$167.59
barclaycard,Dec 14,LATE PAYMENT FEE,$40.00
barclaycard,Dec 15,HOUSTON ZOO- ADMISSION HOUSTON TX,$208.10
barclaycard,Jan 29,BELLAIRE TIRE AND,$171.21
barclaycard,Jan 31,MCDONALD'S F20638,$5.72
barclaycard,Jan 31,SQ * KIM CHAU RESTAU,$12.92
barclaycard,Feb 01,SQ * TORNADO TACO,$16.71
barclaycard,Feb 01,SQ * ROSENBERG RAILR,$27.06
barclaycard,Feb 01,SQ * ROSENBERG RAILR,$20.00
barclaycard,Feb 01,WITT PIT BBQ,$35.08
barclaycard,Feb 01,U - HAUL MOVING &,$8.16
barclaycard,Feb 02,BARNABYS CAFE -,$51.98
barclaycard,Feb 02,LAZ PARKING 610317,$5.00
barclaycard,Feb 02,SSA HERMAN PARK,$16.23
barclaycard,Feb 01,WAN FU CAFE,$32.41
barclaycard,Feb 03,KA 1947 INC . HOUSTON TX,$39.14
barclaycard,Feb 03,THE HOME DEPOT # 6985 HOUSTON TX,$134.51
barclaycard,Feb 03,SHRI BALAJI BHAVAN HOUSTON TX,$30.46
barclaycard,Feb 04,"MEMORIAL TACO , LLC HOUSTON TX",$9.58
barclaycard,Feb 05,FIRST WATCH - 342 HOUSTON TX,$44.58
barclaycard,Feb 05,MCDONALD'S F20638 HOUSTON TX,$1.83
barclaycard,Feb 08,"CANYON OF THE EAGLES RES BURNET
02/08/20
TX",$25.25
barclaycard,Feb 08,"CANYON OF THE EAGLES RES BURNET
02/08/20
TX",$25.19
barclaycard,Feb 08,"CANYON OF THE EAGLES RES BURNET
02/08/20
TX",$30.00
barclaycard,Feb 09,EXOTIC RESORT ZOO JOHNSON CITY TX,$57.79
barclaycard,Feb 09,FRANKS PLACE FENTRESS TX,$42.76
barclaycard,Feb 09,"CANYON OF THE EAGLES RES BURNET TX
02/09/20",$165.63
barclaycard,Feb 09,BUC - EE'S # 17 LULING TX,$49.65
barclaycard,Sep 19,"CANYON OF THE EAGLES RES BURNET
09/19/20
TX",$91.88
barclaycard,Sep 20,"CANYON OF THE EAGLES RES BURNET
09/20/20
TX",$49.38
barclaycard,Oct 02,KFC C521024 HOUSTON TX,$7.00
barclaycard,Oct 02,STARBUCKS STORE 48923 HOUSTON TX,$10.66
barclaycard,Oct 02,BUC - EE'S 32 CYPRESS TX,$32.16
barclaycard,Oct 02,BUC - EE'S 32 CYPRESS TX,$1.05
barclaycard,Oct 02,BUC - EE'S 32 CYPRESS TX,$55.82
barclaycard,Oct 03,SQ * BURRO CHEESE KI AUSTIN TX,$12.98
barclaycard,Oct 03,BREHAM # 2 / DAIRY QUEEN BRENHAM TX,$3.34
barclaycard,Oct 02,AUTOZONE # 1444 HOUSTON TX,$34.62
barclaycard,Oct 03,MAUDIES ORIGINAL AUSTIN TX,$29.51
barclaycard,Oct 04,TST * WRIGHT BROS . BREW & AUSTIN TX,$4.00
barclaycard,Oct 03,TOY JOY HYDE PARK AUSTIN TX,$58.29
barclaycard,Oct 03,ANNA'S TOY DEPOT AUSTIN TX,$41.13
barclaycard,Oct 03,ANNA'S TOY DEPOT AUSTIN TX,$4.33
barclaycard,Oct 04,MCDONALD'S F7728 HOUSTON TX,$10.70
barclaycard,Oct 03,TACO MORE AUSTIN TX,$50.21
barclaycard,Oct 03,STARBUCKS STORE 20458 AUSTIN TX,$20.46
barclaycard,Oct 04,SQ * 7TACO Houston TX,$16.06
barclaycard,Oct 04,SQ * BLACK HOLE COFFEE HOUHouston TX,$13.62
barclaycard,Oct 06,TST * TACOS A GO GO - JESTHOUSTON TX,$8.08
barclaycard,Oct 06,SQ * NADIA'S GRILL SPRING TX,$47.29
barclaycard,Oct 06,COURTESY MART SPRING TX,$56.17
barclaycard,Oct 06,LA MADELEINE CARILLON HOUSTON TX,$12.97
barclaycard,Oct 07,CHEVRON 0376218 SPRING TX,$8.75
barclaycard,Oct 07,CHICK - FIL - A # 03915 JERSEY VILLAGTX,$8.26
barclaycard,Oct 07,SHELL OIL 12642090000 JERSEY VILLAGTX,$32.68
barclaycard,Oct 10,TST * SLOWPOKES -SPRING BHOUSTON TX,$9.00
barclaycard,Oct 10,SQ * 7TACO HOUSTON TX,$17.32
barclaycard,Oct 11,SQ * BLACK HOLE COFFEE HOUHouston TX,$10.12
barclaycard,Oct 14,SWIFT MART 2047 WIRT HOUSTON TX,$10.98
usaa,11/20 11/21,Amazon Tips*ZS1I440M3 Amzn.com/bill WA,$10.00
usaa,11/22 11/22,SQ *CENTRAL CITY CO-OP gosq.com  TX,$120.65
usaa,11/22 11/22,APPLE.COM/BILL866-712-7753 CA,$9.99
usaa,11/24 11/24,BONES 2 GO INC JERSEY VILLAG TX,$154.92
usaa,11/25 11/25,HEB ONLINE800-987-4438 TX,$164.13
usaa,11/28 11/28,APPLE.COM/BILL866-712-7753 CA,$16.23
usaa,11/29 11/29,SQ *CENTRAL CITY CO-OP gosq.com  TX,$100.65
usaa,12/01 12/01,HEB ONLINE800-987-4438 TX,$219.91
usaa,,,
usaa,12/04,UCSF CRH SAN FRANCISCO CA,$597.00
usaa,12/05,BONES 2 GO INC JERSEY VILLAG TX,$284.70
usaa,12/06,SQ *CENTRAL CITY CO-OP gosq.com  TX,$121.65
usaa,12/07,APPLE.COM/BILL800-275-2273 CA,$14.31
usaa,12/08,HEB ONLINE800-987-4438 TX,$188.98
usaa,12/08,APPLE.COM/US800-692-7753 CA,$96.08
usaa,12/08,APPLE.COM/US800-692-7753 CA,$54.07
usaa,12/08,Amazon.com*2M6I79BL3 Amzn.com/bill WA,$117.35
usaa,12/09,HEB ONLINE800-987-4438 TX,$77.93
usaa,12/10,AMAZON.COM*1U5P29883 AMZN AMZN.COM/BILL WA,$432.95
usaa,12/10,Amazon Tips*OB3IK0IY3 Amzn.com/bill WA,$7.00
usaa,12/11,"LAST WISHES, LLC HOUSTON  TX",$149.40
usaa,12/12,HEB ONLINE800-987-4438 TX,$137.30
usaa,12/13,SQ *CENTRAL CITY CO-OP gosq.com  TX,$100.65
usaa,12/13,AMZN Mktp US*VM41O7HK3 Amzn.com/bill WA,$32.46
usaa,12/17,APPLE.COM/BILL866-712-7753 CA,$12.98
usaa,12/19,HEB ONLINE800-987-4438 TX,$264.80
usaa,01/22 01/23,APPLE.COM/BILL866-712-7753 CA,$9.99
usaa,01/23 01/23,WAV*CG LANDSCAPE281-5086957  TX,$255.74
usaa,01/27 01/27,IKEA HOUSTON HOUSTON  TX,$299.79
usaa,01/28 01/28,AMZNGrocery*WD7842913 Amzn.com/bill WA,$158.45
usaa,01/28 01/28,BUCHANANS NATIVE PLANTS HOUSTON  TX,$120.10
usaa,01/29 01/29,IKEA HOUSTON HOUSTON  TX,$16.22
usaa,01/30 01/30,AMZNGrocery*HW74O77E3 Amzn.com/bill WA,$10.00
usaa,01/31 01/31,APPLE.COM/BILL866-712-7753 CA,$12.98
usaa,01/31 01/31,APPLE.COM/BILL866-712-7753 CA,$10.81
usaa,02/02,H MART - HOUSTON HOUSTON  TX,$111.30
usaa,02/02,WAV*CG LANDSCAPE281-5086957  TX,$255.74
usaa,02/03,LA FITNESS949-255-7200 CA,$54.10
usaa,02/03,XFINITY WIFI866-489-0919 PA,$54.95
usaa,02/04,BONES 2 GO INC JERSEY VILLAG TX,$199.18
usaa,02/04,AMZN Mktp US*1I0JM3CG3 Amzn.com/bill WA,$26.70
usaa,02/06,BONES 2 GO INC281-701-3872 TX,$160.21
usaa,02/06,ROVER.COM PET CARE888-453-7889 WA,$116.97
usaa,02/07,ROVER.COM PET CARE888-453-7889 WA,$38.99
usaa,02/07,REI #55 HOUSTON HOUSTON  TX,$482.13
usaa,02/10,PP*RUMMYSBEACH SPRING  TX,$20.00
usaa,02/10,WFM Amazon*580ZX1ZR3 Amzn.com/bill WA,$235.84
usaa,02/11,"LAST WISHES, LLC HOUSTON  TX",$410.30
usaa,02/12,AMZNGrcyTip*TG3MB3SH3 Amzn.com/bill WA,$10.00
usaa,02/18,BONES 2 GO INC281-701-3872 TX,$289.03
usaa,02/19,WASHINGTON HEIGHTS VET HOUSTON  TX,$157.46
usaa,12/23 12/23,TAQUERIA ARANDAS 4 HOUSTON  TX,$28.83
usaa,12/22 12/23,FIVE GUYS TX 1231 QSR PEARLAND  TX,$27.78
usaa,12/23 12/23,SQ *KIM CHAU RESTAU HOUSTON  TX,$38.29
usaa,12/23 12/23,APPLE.COM/BILL866-712-7753 CA,$9.99
usaa,12/23 12/23,MOMMASTRONG INC. SICILY@MOMMAS TX,$150.00
usaa,12/23 12/23,SWIFT FOOD MART HOUSTON  TX,$48.72
usaa,12/24 12/24,EL RANCHO # 34 HOUSTON  TX,$2.19
usaa,12/24,BEST BUY00002162 HOUSTON  TX,$114.73
usaa,12/24,H-E-B #109 HOUSTON  TX,$182.02
usaa,12/24,FIESTA MART #08 HOUSTON  TX,$11.52
usaa,12/24,LOWES #01058* HOUSTON  TX,$24.88
usaa,12/25,WAN FU CAFE HOUSTON  TX,$44.10
usaa,12/25,SUMMIT DONUTS HOUSTON  TX,$30.38
usaa,12/26,APPLE.COM/BILL866-712-7753 CA,$12.98
usaa,12/27,SWIFT FOOD MART HOUSTON  TX,$35.75
usaa,12/28,SOUND EXCHANGE HOUSTON  TX,$23.80
usaa,12/28,SQ *KIM CHAU RESTAU HOUSTON  TX,$30.91
usaa,12/28,AMZNGrocery*M180F1XD2 Amzn.com/bill WA,$262.01
usaa,12/30,REG HOUSTON MARQ  1052 HOUSTON  TX,$13.00
usaa,12/30,REG HOUSTON MARQ  1052 HOUSTON  TX,$10.44
usaa,12/30,KROGER #346 HOUSTON  TX,$39.24
usaa,12/30,SP * SOMA FM COM SOMAFM.MYSHOP CA,$53.26
usaa,12/30,AMZNGrocery*AO3M22JK3 Amzn.com/bill WA,$10.00
usaa,12/31,SYLVIA'S ENCHILADA KIT HOUSTON  TX,$59.80
usaa,12/31,WHOLEFDS VOS #10552 HOUSTON  TX,$66.74
usaa,12/31,HOUSTON ARBORETUM NATURE HOUSTON  TX,$2.35
usaa,12/31,TRADER JOE'S #427 QPS HOUSTON  TX,$26.60
usaa,12/31,ALOOK MEDIA A-LOOK  PL,$4.17
usaa,12/31,KATZ COFFEE7138643338TX,$15.00
usaa,01/01,TST* DOWN HOUSE HOUSTON  TX,$57.46
usaa,01/01,EL TIEMPO CANTINA 290 HOUSTON  TX,$140.05
usaa,01/01,APPLE.COM/BILL866-712-7753 CA,$10.81
usaa,01/02,TEXAS ART SUPPLY 52 HOUSTON  TX,$32.40
usaa,01/02,CHUY'S HOUSTON  TX,$39.73
usaa,01/02,KROGER #346 HOUSTON  TX,$43.86
usaa,01/03,TAQUERIA ARANDAS 4 HOUSTON  TX,$17.60
usaa,01/03,TFC NEW YORK925-498-2500 CA,$927.00
usaa,01/03,MCDONALD'S F20638 HOUSTON  TX,$5.17
usaa,01/03,LA FITNESS949-255-7200 CA,$54.10
usaa,01/03,APPLE.COM/BILL866-712-7753 CA,$29.76
usaa,01/04,PETCO 46963504690 HOUSTON  TX,$34.63
usaa,01/04,SQ *TORNADO TACO HOUSTON  TX,$14.98
usaa,01/04,AMZNGrocery*XI9EZ3JX3 Amzn.com/bill WA,$151.86
usaa,01/04,VCI*VITACOST.COM800-793-2601 FL,$211.60
usaa,01/05,MI SOMBRERO HOUSTON  TX,$38.01
usaa,01/05,DOORDASH*LOS CUCOS MEX WWW.DOORDASH. CA,$42.94
usaa,01/05,SQ *ANTIDOTE COFFEE HOUSTON  TX,$13.88
usaa,01/05,WOODS FOOD STORE HOUSTON  TX,$4.09
usaa,01/06,AMZNGrocery*P86H64P43 Amzn.com/bill WA,$7.00
usaa,01/10,IKEA HOUSTON HOUSTON  TX,$300.09
usaa,01/11,WASHINGTON HEIGHTS VET HOUSTON  TX,$58.00
usaa,01/13,WPY*Final expenses for Mu866-819-1294 CA,$101.00
usaa,01/13,APPLE.COM/BILL866-712-7753 CA,$4.32
usaa,01/18,TFC NEW YORK925-498-2500 CA,$922.00
usaa,01/20,SOUTHWEST AUTOMOTIVE HOUSTON  TX,$548.79
usaa,10/23 10/23,HEB ONLINE800-987-4438 TX,$261.45
usaa,10/22 10/23,BONES 2 GO INC JERSEY VILLAG TX,$322.59
usaa,10/22 10/23,Amazon.com*2T1BI4DB1 Amzn.com/bill WA,$146.98
usaa,10/22 10/23,APPLE.COM/BILL866-712-7753 CA,$9.99
usaa,10/24 10/24,AMZN Mktp US*2T4NO17E1 Amzn.com/bill WA,$105.93
usaa,10/24 10/24,Amazon Tips*2T39J19P1 Amzn.com/bill WA,$7.00
usaa,10/25 10/25,AMZN Mktp US*2T0UO39L1 Amzn.com/bill WA,$38.96
usaa,10/26 10/26,SQ *CENTRAL CITY CO-OP gosq.com  TX,$120.65
usaa,10/26,HOUSTON ZOO- WEB713-533-6725 TX,$50.90
usaa,10/27,GOOGLE* Chrome650-2530000  CA,$1.99
usaa,10/28,APPLE.COM/BILL866-712-7753 CA,$16.23
usaa,10/31,HEB ONLINE800-987-4438 TX,$158.21
usaa,10/31,Amazon.com*284PL7TY0 Amzn.com/bill WA,$168.68
usaa,11/02,Amazon Tips*288LY1PE0 Amzn.com/bill WA,$10.00
usaa,11/04,BONES 2 GO INC JERSEY VILLAG TX,$322.59
usaa,11/04,SQ *CENTRAL CITY CO-OP gosq.com  TX,$99.65
usaa,11/05,"LAST WISHES, LLC HOUSTON  TX",$33.00
usaa,11/07,HEB ONLINE800-987-4438 TX,$179.21
usaa,11/08,SQ *CENTRAL CITY CO-OP gosq.com  TX,$54.50
usaa,11/08,SQ *CENTRAL CITY CO-OP gosq.com  TX,$120.65
usaa,11/09,AMZN Mktp US*286GH59M1 Amzn.com/bill WA,$102.77
usaa,11/13,AMAZON.COM*2862X6WS2 AMZN AMZN.COM/BILL WA,$64.20
usaa,11/14,HEB ONLINE800-987-4438 TX,$165.56
usaa,11/14,AMZN Mktp US*2030K2C12 Amzn.com/bill WA,$50.84
usaa,11/15,VCI*VITACOST.COM800-793-2601 FL,$157.13
usaa,11/16,"LAST WISHES, LLC HOUSTON  TX",$116.40
usaa,11/17,BONES 2 GO INC JERSEY VILLAG TX,$139.64
usaa,11/17,SQ *CENTRAL CITY CO-OP gosq.com  TX,$93.40
usaa,11/18,Amazon.com*EP2X14EO3 Amzn.com/bill WA,$224.62
usaa,11/19,HEB ONLINE800-987-4438 TX,$149.22
usaa,11/19,AT&T*PAYMENT800-288-2020 TX,$276.61
usaa,09/23 09/23,NAMASTE INDIAN CUISINE SPRING  TX,$37.36
usaa,09/23 09/23,AMZN Mktp US*M483P10J0 Amzn.com/bill WA,$58.87
usaa,09/24 09/24,CONTAINERSTORE.COM800-733-3532 TX,$363.69
usaa,09/25 09/25,WOODLANDS PERFORMANCE & S THE WOODLANDS TX,$685.00
usaa,09/25 09/25,CHICK-FIL-A #02484 THE WOODLANDS TX,$14.01
usaa,09/25 09/25,Amazon.com*M43KU8MU0 Amzn.com/bill WA,$63.58
usaa,09/28 09/28,H-E-B ONLINE800-987-4438 TX,$218.21
usaa,09/29,AMAZON.COM*M41SH9Y22 AMZN AMZN.COM/BILL WA,$24.85
usaa,09/29,APPLE.COM/BILL866-712-7753 CA,$16.23
usaa,09/29,APPLE.COM/BILL866-712-7753 CA,$9.99
usaa,09/30,AMZN MKTP US*MK0SY5NZ1 AM AMZN.COM/BILL WA,$14.02
usaa,09/30,IKEA.COM 365524362888-434-4532 MD,$279.26
usaa,10/02,SQ *CENTRAL CITY CO-OP gosq.com  TX,$85.40
usaa,10/06,H-E-B ONLINE800-987-4438 TX,$228.92
usaa,10/07,BONES 2 GO INC JERSEY VILLAG TX,$318.26
usaa,10/09,VCI*VITACOST.COM800-793-2601 FL,$139.91
usaa,10/10,TOM CARTER* SUBSCR 1Y TOMCARTERGUIT TX,$35.00
usaa,10/10,"LAST WISHES, LLC HOUSTON  TX",$149.70
usaa,10/11,AMAZON.COM*MK54H49H1 AMZN AMZN.COM/BILL WA,$109.32
usaa,10/14,HEB ONLINE800-987-4438 TX,$232.64
usaa,10/14,SQ *CENTRAL CITY CO-OP gosq.com  TX,$108.15
usaa,10/15,Amazon.com*MK75E6YK0 Amzn.com/bill WA,$186.06
usaa,10/16,HEB ONLINE800-987-4438 TX,$70.44
usaa,10/17,Amazon Tips*2T20D54D2 Amzn.com/bill WA,$10.00
usaa,10/20,SQ *CENTRAL CITY CO-OP gosq.com  TX,$99.65
usaa,,BONES 2 GO INC JERSEY VILLAG TX,$128.82
usaa,08/22 08/22,WEST MARINE #300800-937-2628 CA,$108.24
usaa,08/21 08/22,APPLE.COM/BILL866-712-7753 CA,$9.99
usaa,08/22 08/22,"LAST WISHES, LLC HOUSTON  TX",$33.30
usaa,08/22 08/22,SWIFT MART 2047 WIRT HOUSTON  TX,$10.30
usaa,08/26 08/26,SOUTHWEST AUTOMOTIVE HOUSTON  TX,"$1,209.10"
usaa,08/26 08/26,SQ *MASALA WOK @ HO HOUSTON  TX,$21.47
usaa,08/26 08/26,TEXACO 0302293 HOUSTON  TX,$2.70
usaa,08/26 08/26,KATZ COFFEE7138643338TX,$70.00
usaa,08/27 08/27,CHICK-FIL-A #01671 CYPRESS  TX,$6.16
usaa,08/27 08/27,SQ *CENTRAL CITY CO-OP gosq.com  TX,$90.65
usaa,08/27 08/27,WHATABURGER 1165 MAGNOLIA  TX,$6.81
usaa,08/28 08/28,APPLE.COM/BILL866-712-7753 CA,$16.23
usaa,08/28 08/28,Amazon.com*MM1W63DB0 Amzn.com/bill WA,$132.75
usaa,08/29 08/29,CVS/PHARMACY #06726 HOUSTON  TX,$12.96
usaa,08/29 08/29,STEAMBOAT AMPS HOUSTON  TX,$54.13
usaa,08/30 08/30,DAIRY QUEEN #44837 HUMBLE  TX,$26.47
usaa,08/30 08/30,Amazon Tips*MU93960K1 Amzn.com/bill WA,$7.00
usaa,08/30 08/30,APPLE.COM/BILL866-712-7753 CA,$12.98
usaa,09/01 09/01,SQ *BLACK HOLE COFFEE HOU Houston  TX,$14.18
usaa,09/01 09/01,SQ *BLACK HOLE COFFEE HOU Houston  TX,$2.98
usaa,09/03 09/03,BONES 2 GO INC JERSEY VILLAG TX,$32.57
usaa,09/03 09/03,SQ *CENTRAL CITY CO-OP gosq.com  TX,$90.65
usaa,09/04 09/04,LA COCINA DE ROBERTO SPRING  TX,$28.35
usaa,09/04 09/04,DIY CAR WASH SPRING  TX,$20.00
usaa,09/04 09/04,TST* RUDY S COUNTRY STORE HOUSTON  TX,$11.45
usaa,09/04 09/04,TST* RUDY S COUNTRY STORE HOUSTON  TX,$10.05
usaa,09/04 09/04,RANCHO GRANDE - MAGNOLIA MAGNOLIA  TX,$21.30
usaa,09/04 09/04,H-E-B GAS/CARWASH #705 SPRING  TX,$28.46
usaa,09/04 09/04,SQ *GOOD CITY COFFEE CO. The Woodlands TX,$10.66
usaa,09/04 09/04,"LAST WISHES, LLC HOUSTON  TX",$116.40
usaa,09/06 09/06,Amazon.com*MU5EX93X0 Amzn.com/bill WA,$140.71
usaa,09/10 09/10,POPEYES 5863 HOUSTON  TX,$4.32
usaa,09/10 09/10,BONES 2 GO INC JERSEY VILLAG TX,$277.12
usaa,09/10 09/10,SQ *CENTRAL CITY CO-OP gosq.com  TX,$90.65
usaa,09/11 09/11,TIRELINK SPRING SPRING  TX,"$2,687.02"
usaa,09/11 09/11,Amazon.com*M454B7FO1 Amzn.com/bill WA,$227.33
usaa,09/13 09/13,BISTRO MENIL HOUSTON  TX,$73.46
usaa,09/13 09/13,SHELL OIL 57543438303 HOUSTON  TX,$5.39
usaa,09/13 09/13,SHELL OIL 57543438303 HOUSTON  TX,$29.79
usaa,09/13 09/13,CHUY'S HOUSTON  TX,$78.36
usaa,09/13 09/13,KROGER #390 TOMBALL  TX,$2.87
usaa,09/13 09/13,KROGER #390 TOMBALL  TX,$19.98
usaa,09/13 09/13,Amazon.com*MU1JW06J0 Amzn.com/bill WA,$403.44
usaa,09/13 09/13,Amazon Tips*MU3PO6WO2 Amzn.com/bill WA,$10.00
usaa,09/14 09/14,TST* RUDY S COUNTRY STORE HOUSTON  TX,$11.65
usaa,09/15 09/15,SLANKER GRASS FED MEAT903-7324653  TX,$246.16
usaa,09/18 09/18,AMZN MKTP US*M461E9TI2 AM AMZN.COM/BILL WA,$7.98
usaa,09/18 09/18,AMZN MKTP US*M41LA8EE2 AM AMZN.COM/BILL WA,$112.40
usaa,07/23 07/23,SWIFT MART 2047 WIRT HOUSTON  TX,$60.00
usaa,07/23 07/23,SWIFT MART 2047 WIRT HOUSTON  TX,$2.15
usaa,07/23 07/23,PETCO #540863554083 HOUSTON  TX,$16.23
usaa,07/23 07/23,KINGS TEXAS SMOKEHOUSE CAMP WOOD  TX,$34.13
usaa,07/22 07/23,BONES 2 GO INC JERSEY VILLAG TX,$160.21
usaa,07/23,WALGREENS #4551 SAN ANTONIO  TX,$101.09
usaa,07/22,APPLE.COM/BILL866-712-7753 CA,$9.99
usaa,07/23,SQ *CENTRAL CITY CO-OP gosq.com  TX,$90.65
usaa,07/23,TACO BUENO KATY  TX,$9.61
usaa,07/23,REI #131 SAN ANTONIO SAN ANTONIO  TX,$224.80
usaa,07/23,REI #131 SAN ANTONIO SAN ANTONIO  TX,$11.80
usaa,07/23,STARBUCKS STORE 23900 SAN ANTONIO  TX,$13.47
usaa,07/23,HCTRA EZTAG Storefront281-8753279  TX,$2.00
usaa,07/23,HCTRA EZTAG Storefront281-8753279  TX,$40.39
usaa,07/24,PIC QUIK #22 LAS CRUCES  NM,$19.63
usaa,07/24,PIC QUIK #22 LAS CRUCES  NM,$6.68
usaa,07/24,EAGLE GROCERY LA MESA  NM,$7.56
usaa,07/24,SHELL OIL 10014501000 ROCKSPRINGS  TX,$10.45
usaa,07/24,SHELL OIL 10014501000 ROCKSPRINGS  TX,$67.87
usaa,07/25,La Nueva Casita Cafe Las Cruces  NM,$18.35
usaa,07/25,XPRESS_01262 CLINT  TX,$46.41
usaa,07/25,SQ *BECK'S COFFEE Las Cruces  NM,$6.00
usaa,07/25,MOUNTAIN VIEW MARKET LAS CRUCES  NM,$13.18
usaa,07/26,PHILLIPS 66 - LOWES FUEL MASON  TX,$57.38
usaa,07/26,STRIPES 0171030000 IRAAN  TX,$8.97
usaa,07/26,UNCLES - BALMORHEA BALMORHEA  TX,$46.18
usaa,07/26,UNCLES - BALMORHEA BALMORHEA  TX,$25.63
usaa,07/26,ANNA'S TOY DEPOT AUSTIN  TX,$83.36
usaa,07/26,ANNA'S TOY DEPOT AUSTIN  TX,$9.74
usaa,07/26,BROADWAY FOOD CITGO MART COLUMBUS  TX,$16.57
usaa,07/26,COOPER'S ORIGINAL PIT BBQ MASON  TX,$45.49
usaa,07/26,COOPER'S ORIGINAL PIT BBQ MASON  TX,$4.87
usaa,07/27,AUSTIN VINTAGE GUITARS LL512-4289100  TX,$285.78
usaa,07/27,DAIRY QUEEN #44599 SPRING  TX,$13.89
usaa,07/27,DAIRY QUEEN #44599 SPRING  TX,$2.70
usaa,07/27,Amazon.com*MV29P7DW2 Amzn.com/bill WA,$196.05
usaa,07/28,APPLE.COM/BILL408-974-1010 CA,$16.23
usaa,07/28,AMZN Mktp US*MV1XI09A0 Amzn.com/bill WA,$48.12
usaa,07/29,PAYPAL *BPR INNVTNS EBAY 402-935-7733 CA,"$1,082.49"
usaa,07/29,Amazon Tips*MF97E63L1 Amzn.com/bill WA,$10.00
usaa,07/29,REI.COM800-426-4840 WA,$43.29
usaa,07/29,"LAST WISHES, LLC HOUSTON  TX",$423.59
usaa,07/30,SQ *CENTRAL CITY CO-OP gosq.com  TX,$90.65
usaa,08/01,BONES 2 GO INC JERSEY VILLAG TX,$289.03
usaa,08/02,Amazon.com*MF0A98FT2 Amzn.com/bill WA,$133.75
usaa,08/02,AMZN Mktp US*MF2C67G11 Amzn.com/bill WA,$59.53
usaa,08/03,LA FITNESS949-255-7200 CA,$54.10
usaa,08/03,THE HOME DEPOT #6525 HOUSTON  TX,$20.90
usaa,08/03,AMZN Mktp US*MF5QK1NM0 Amzn.com/bill WA,$203.36
usaa,08/03,AMZN Mktp US*MF4GU1LD2 Amzn.com/bill WA,$32.44
usaa,08/04,SKYGEEK.COM888-759-4335 NY,$91.20
usaa,08/04,Amazon.com*MF1KE7J70 Amzn.com/bill WA,$5.89
usaa,08/04,Amazon Tips*MF7CB8AH0 Amzn.com/bill WA,$7.00
usaa,08/05,THE HOME DEPOT #6525 HOUSTON  TX,$44.35
usaa,08/05,SWEETWATER SOUND800-222-4700 IN,$78.61
usaa,08/05,AMZN Mktp US*MF10V0E20 Amzn.com/bill WA,$43.25
usaa,08/06,AMAZON.COM*MF8N480V2 AMZN AMZN.COM/BILL WA,$162.36
usaa,08/06,SQ *CENTRAL CITY CO-OP gosq.com  TX,$90.65
usaa,08/08,BANDCAMP OJET415-213-2160 CA,$20.00
usaa,08/11,TACO CABANA 20343 HOUSTON  TX,$28.98
usaa,08/13,CHICK-FIL-A #01337 HOUSTON  TX,$8.11
usaa,08/13,CIRCLE K #2741443 TOMBALL  TX,$56.90
usaa,08/13,PAPPAS BBQ#665 HOUSTON  TX,$38.28
usaa,08/13,SQ *CENTRAL CITY CO-OP gosq.com  TX,$90.65
usaa,08/13,Amazon.com*MF9C60K90 Amzn.com/bill WA,$241.78
usaa,08/14,FRATELLI'S RISTORANTE HOUSTON  TX,$78.55
usaa,08/14,BONES 2 GO INC JERSEY VILLAG TX,$289.03
usaa,08/14,SP * GOFIT.NET STORE HTTPSGOFITNET OK,$24.98
usaa,08/15,Amazon Tips*MF3P33I80 Amzn.com/bill WA,$10.00
usaa,08/15,AMZN Mktp US*MF0VQ1Y82 Amzn.com/bill WA,$14.06
usaa,08/20,SQ *CENTRAL CITY CO-OP gosq.com  TX,$90.65
usaa,08/20,APPLE.COM/BILL866-712-7753 CA,$12.98
usaa,06/21 06/22,GALVESTON RAILROAD MUSEUM GALVESTON  TX,$16.18
usaa,06/22 06/22,GALVESTON RAILROAD MUS409-765-5700 TX,$15.00
usaa,06/22 06/22,AGU RAMEN WASHINGTON AVE HOUSTON  TX,$7.50
usaa,06/22 06/22,AGU RAMEN WASHINGTON AVE HOUSTON  TX,$60.95
usaa,06/22 06/22,SWIFT MART 2047 WIRT HOUSTON  TX,$27.80
usaa,06/22 06/22,CVS/PHARMACY #06726 HOUSTON  TX,$49.94
usaa,06/21 06/22,FIVE GUYS TX 1224 QSR LEAGUE CITY  TX,$30.59
usaa,06/22 06/22,SQ *MAX REFLECTION877-417-4551 TX,$800.00
usaa,06/21,SQ *TORNADO TACO Houston  TX,$16.40
usaa,06/22,APPLE.COM/BILL866-712-7753 CA,$9.99
usaa,06/23,CVS/PHARMACY #07162 HOUSTON  TX,$7.03
usaa,06/23,LA FINCA- FULSHEAR - KATY  TX,$43.90
usaa,06/23,D & S CRAFTS AND TRANSPO ROSENBERG  TX,$1.00
usaa,06/23,SQ *BLACK HOLE COFFEE HOU Houston  TX,$11.60
usaa,06/25,SWIFT MART 2047 WIRT HOUSTON  TX,$6.71
usaa,06/25,SWIFT MART 2047 WIRT HOUSTON  TX,$27.82
usaa,06/25,TACO CABANA 20141 HOUSTON  TX,$14.04
usaa,06/25,SQ *CENTRAL CITY CO-OP gosq.com  TX,$100.50
usaa,06/26,STAR PIZZA - 2 HOUSTON  TX,$43.53
usaa,06/26,BONES 2 GO INC JERSEY VILLAG TX,$193.77
usaa,06/26,AMZN Mktp US*MS82Q5SC0 Amzn.com/bill WA,$132.89
usaa,06/27,DAIRY QUEEN #45085 MANVEL  TX,$8.53
usaa,06/28,SURFSIDE FOOD MART FREEPORT  TX,$10.74
usaa,06/28,AGU RAMEN WASHINGTON AVE HOUSTON  TX,$50.16
usaa,06/28,SWIFT MART 2047 WIRT HOUSTON  TX,$34.19
usaa,06/28,ARBY'S 8385 SPRING  TX,$7.34
usaa,06/28,Amazon Tips*MS6TU29B0 Amzn.com/bill WA,$7.00
usaa,06/28,APPLE.COM/BILL866-712-7753 CA,$16.23
usaa,06/30,MCDONALD'S F20638 HOUSTON  TX,$6.70
usaa,07/01,VCI*VITACOST.COM800-793-2601 FL,$93.39
usaa,07/02,TACO CABANA 20330 HOUSTON  TX,$9.49
usaa,07/02,THE HOME DEPOT #6985 HOUSTON  TX,$17.02
usaa,07/02,SQ *CENTRAL CITY CO-OP gosq.com  TX,$100.50
usaa,07/02,SQ *BLACK HOLE COFFEE HOU Houston  TX,$18.99
usaa,07/02,SQ *CANDIDO SERRANO Houston  TX,$9.75
usaa,07/03,CHUY'S HOUSTON  TX,$86.85
usaa,07/03,LA FITNESS949-255-7200 CA,$54.10
usaa,07/03,AMZN Mktp US*MJ7M00ZM2 Amzn.com/bill WA,$120.95
usaa,07/04,PETCO 46963504690 HOUSTON  TX,$69.26
usaa,07/05,"TST* RUDY S ""COUNTRY STOR HOUSTON  TX",$8.30
usaa,07/05,TRACTOR SUPPLY #310 RICHMOND  TX,$303.09
usaa,07/05,ASIM PROPERTIES ROSENBERG  TX,$35.02
usaa,07/05,Amazon Tips*MJ3HO33L2 Amzn.com/bill WA,$10.00
usaa,07/06,AMZN Mktp US*MJ1T35551 Amzn.com/bill WA,$47.61
usaa,07/07,BONES 2 GO INC JERSEY VILLAG TX,$54.71
usaa,07/07,SPARKLES SPRING BRANCH HOUSTON  TX,$37.00
usaa,07/08,TST* GOODE COMPANY BBQ - HOUSTON  TX,$43.70
usaa,07/08,AMAZON.COM*MJ6RR7VA0 AMZN AMZN.COM/BILL WA,$8.22
usaa,07/08,AMZN Mktp US*MJ4M97SB1 Amzn.com/bill WA,$17.36
usaa,07/08,AMZN Mktp US*MJ9AN7PZ2 Amzn.com/bill WA,$32.46
usaa,07/09,CVS/PHARMACY #06726 HOUSTON  TX,$68.75
usaa,07/09,KFC C521024 HOUSTON  TX,$7.00
usaa,07/09,AMZN Mktp US*MJ59W7B60 Amzn.com/bill WA,$212.91
usaa,07/09,SQ *CENTRAL CITY CO-OP gosq.com  TX,$100.50
usaa,07/10,THE HOME DEPOT #6985 HOUSTON  TX,$212.12
usaa,07/10,THE HOME DEPOT #6985 HOUSTON  TX,$58.42
usaa,07/10,SQ *THD ELECTRONICS / AND Snohomish  WA,$600.00
usaa,07/11,SHELL OIL 57543438501 KATY  TX,$4.49
usaa,07/11,Amazon Tips*MJ4LU0S10 Amzn.com/bill WA,$10.00
usaa,07/11,AN FORD KATY KATY  TX,"$2,879.95"
usaa,07/11,WHATABURGER 605Q26 HOUSTON  TX,$8.32
usaa,07/12,CVS/PHARMACY #06726 HOUSTON  TX,$7.57
usaa,07/12,EXXONMOBIL47880307 MONTGOMERY  TX,$8.38
usaa,07/12,CHUY'S HOUSTON  TX,$65.13
usaa,07/12,RUDY'S #212 GAS HOUSTON  TX,$30.01
usaa,07/13,"TST* RUDY S ""COUNTRY STOR HOUSTON  TX",$8.74
usaa,07/13,AMZN Mktp US*MJ6C056S2 Amzn.com/bill WA,$20.56
usaa,07/13,Amazon.com*MV9X21FL1 Amzn.com/bill WA,$11.90
usaa,07/13,ALUMINESS PRODUCTS INC619-4499930  CA,"$1,700.00"
usaa,07/14,FORDPARTS.COM713-932-8000 TX,$29.44
usaa,07/15,BONES 2 GO INC JERSEY VILLAG TX,$120.82
usaa,07/15,BONES 2 GO INC JERSEY VILLAG TX,$8.00
usaa,07/15,KATZ COFFEE7138643338TX,$23.90
usaa,07/16,SQ *CENTRAL CITY CO-OP gosq.com  TX,$86.50
usaa,07/17,AMZN Mktp US*MV06M1PT1 Amzn.com/bill WA,$224.19
usaa,07/17,SQ *BLACK HOLE COFFEE HOU Houston  TX,$17.96
usaa,07/17,KATZ COFFEE7138643338TX,$70.00
usaa,07/18,SWIFT MART 2047 WIRT HOUSTON  TX $,$19.74
usaa,07/18,EXXONMOBIL47880307 MONTGOMERY  TX $,$16.11
usaa,07/18,BUC-EE'S #18 WALLER  TX $,$14.32
usaa,07/18,BUC-EE'S #18 WALLER  TX $,$1.99
usaa,07/19,TST* RUDY S COUNTRY STORE HOUSTON  TX $,$14.56
usaa,07/19,KROGER #346 HOUSTON  TX $,$10.00
usaa,07/19,Amazon Tips*MV8O27L52 Amzn.com/bill WA $,$10.00
usaa,07/20,STICKERSTOP EXPRESS HOUSTON  TX $,$25.50
usaa,07/20,SWIFT MART 2047 WIRT HOUSTON  TX $,$30.45
usaa,07/20,ROCKIN ROBIN GUITARS HOUSTON  TX $,$15.13
usaa,07/20,ALPHA LAMDA GROUP LLC800-9290958  CA $,$40.79
usaa,07/20,WHATABURGER 670Q26 HOUSTON  TX $,$8.70
usaa,07/20,TX.GOV*SERVICEFEE-DIR EGOV.COM  TX $,$2.00
usaa,07/20,HARRIS VEHREG EGOV.COM  TX $,$78.25
usaa,07/21,APPLE.COM/BILL866-712-7753 CA $,$12.98
usaa,07/21,"LAST WISHES, LLC HOUSTON  TX $",$33.30
usaa,05/23 05/23,APPLE.COM/BILL866-712-7753 CA,$2.15
usaa,05/23 05/23,APPLE.COM/BILL866-712-7753 CA,$9.99
usaa,05/23 05/23,APPLE.COM/BILL866-712-7753 CA,$30.30
usaa,05/28 05/28,APPLE.COM/BILL866-712-7753 CA,$16.23
usaa,05/28 05/28,SQ *CENTRAL CITY CO-OP gosq.com  TX,$129.50
usaa,05/29 05/29,WASHINGTON HEIGHTS VET HOUSTON  TX,$38.00
usaa,05/30 05/30,APPLE.COM/BILL866-712-7753 CA,$12.98
usaa,06/03,LA FITNESS949-255-7200 CA,$54.10
usaa,06/03,USA*CANTEEN VENDING HOUSTON  TX,$3.30
usaa,06/03,USA*CANTEEN VENDING HOUSTON  TX,$1.60
usaa,06/03,SWIFT FOOD MART HOUSTON  TX,$34.50
usaa,06/04,BONES 2 GO INC JERSEY VILLAG TX,$166.66
usaa,06/04,BONES 2 GO INC JERSEY VILLAG TX,$149.39
usaa,06/04,TIRELINK SPRING  TX,$100.00
usaa,06/04,Prime Video*MY7KO1GQ1888-802-3080 WA,$5.40
usaa,06/04,SQ *CENTRAL CITY CO-OP gosq.com  TX,$129.50
usaa,06/05,ARBYS #8642 RICHMOND  TX,$14.91
usaa,06/06,AMZN Mktp US*MY4WG8X10 Amzn.com/bill WA,$176.56
usaa,06/06,SWIFT FOOD MART HOUSTON  TX,$9.29
usaa,06/07,CHUY'S HOUSTON  TX,$69.13
usaa,06/07,AN FORD KATY KATY  TX,"$1,835.83"
usaa,06/08,ARBYS #8642 RICHMOND  TX,$8.87
usaa,06/08,Amazon Tips*MY3RP4HL0 Amzn.com/bill WA,$10.00
usaa,06/08,STARBUCKS STORE 25411 HOUSTON  TX,$3.84
usaa,06/10,CJC OFF ROAD424-241-3252 CA,$720.00
usaa,06/11,CVS/PHARMACY #07296 CROSBY  TX,$21.85
usaa,06/11,SQ *CENTRAL CITY CO-OP gosq.com  TX,$100.50
usaa,06/13,SQ *TRUTH BBQ BRENHAM  TX,$55.86
usaa,06/13,SQ *TORNADO TACO Houston  TX,$16.40
usaa,06/14,BASKIN #355682 HOUSTON  TX,$9.76
usaa,06/14,KROGER #346 HOUSTON  TX,$36.96
usaa,06/14,CHEVRON 0376218 SPRING  TX,$4.74
usaa,06/15,BRITTMOORE ANIMAL HOSPITA HOUSTON  TX,$26.40
usaa,06/15,MELLOW MUSHROOM #214 HOUSTON  TX,$35.05
usaa,06/15,TACO CABANA 20250 HOUSTON  TX,$8.64
usaa,06/15,SHELL OIL 57546402801 GROVES  TX,$30.81
usaa,06/15,SHELL OIL 57546402801 GROVES  TX,$3.68
usaa,06/15,STARBUCKS STORE 09614 HOUSTON  TX,$2.87
usaa,06/16,BONES 2 GO INC JERSEY VILLAG TX,$182.94
usaa,06/16,"LAST WISHES, LLC HOUSTON  TX",$149.70
usaa,06/17,SURFSIDE FOOD MART FREEPORT  TX,$4.30
usaa,06/17,SURFSIDE FOOD MART FREEPORT  TX,$12.59
usaa,06/17,STARBUCKS STORE 09374 HOUSTON  TX,$6.60
usaa,06/18,AMZN Mktp US*MS9L01ZP2 Amzn.com/bill WA,$268.68
usaa,06/18,SQ *CENTRAL CITY CO-OP gosq.com  TX,$100.50
usaa,06/19,SWIFT MART 2047 WIRT HOUSTON  TX,$28.73
usaa,06/20,Amazon Tips*MS6748541 Amzn.com/bill WA,$10.00
usaa,06/20,SQ *OL' RAILROAD CAFE Rosenberg  TX,$34.48
usaa,04/21 04/22,AMZN Mktp US*P45RJ3JF3 Amzn.com/bill WA,$9.32
usaa,04/21 04/22,Amazon.com*9P4SS9RX3 Amzn.com/bill WA,$28.85
usaa,04/22 04/22,APPLE.COM/BILL866-712-7753 CA,$1.07
usaa,04/22 04/22,APPLE.COM/BILL866-712-7753 CA,$9.99
usaa,04/25 04/25,BONES 2 GO INC JERSEY VILLAG TX,$169.95
usaa,04/26,SQ *CENTRAL CITY CO-OP gosq.com  TX,$129.50
usaa,04/29,BERNIES BURGER BAR - BELL BELLAIRE  TX,$102.28
usaa,04/29,APPLE.COM/BILL866-712-7753 CA,$16.23
usaa,04/29,APPLE.COM/BILL866-712-7753 CA,$1.07
usaa,05/01,THE C STORE HOUSTON  TX,$26.61
usaa,05/01,CVS/PHARMACY #07162 HOUSTON  TX,$9.81
usaa,05/01,LOS CUCOS MEXICAN CAFE - HOUSTON  TX,$79.05
usaa,05/01,BUSINESS FILINGS800-981-7183 WI,$199.00
usaa,05/01,SQ *CENTRAL CITY CO-OP gosq.com  TX,$129.50
usaa,05/01,SWIFT FOOD MART HOUSTON  TX,$38.47
usaa,05/05,BONES 2 GO INC JERSEY VILLAG TX,$75.14
usaa,05/07,WASHINGTON HEIGHTS VET HOUSTON  TX,"$1,299.89"
usaa,05/07,SQ *CENTRAL CITY CO-OP gosq.com  TX,$129.50
usaa,05/07,WFM Amazon*0H85405L3 Amzn.com/bill WA,$241.13
usaa,05/07,WFM Amazon*RY3WD5BU3 Amzn.com/bill WA,$38.15
usaa,05/08,APPLE.COM/BILL866-712-7753 CA,$1.07
usaa,05/09,Amazon Tips*XB16T2EK3 Amzn.com/bill WA,$10.00
usaa,05/09,Amazon Tips*5349060D3 Amzn.com/bill WA,$5.00
usaa,05/10,APPLE.COM/US800-676-2775 CA,$53.04
usaa,05/11,AMZN Mktp US*SL1B55LK3 Amzn.com/bill WA,$12.48
usaa,05/11,AMZN Mktp US*UR79J74J3 Amzn.com/bill WA,$113.77
usaa,05/11,SQ *CENTRAL CITY CO-OP gosq.com  TX,$56.95
usaa,05/12,AMZN Mktp US*MC5ZZ08H0 Amzn.com/bill WA,$14.06
usaa,05/13,AMZN Mktp US*MC1J14211 Amzn.com/bill WA,$10.07
usaa,05/13,"LAST WISHES, LLC HOUSTON  TX",$33.30
usaa,05/14,BONES 2 GO INC JERSEY VILLAG TX,$169.95
usaa,05/14,SQ *CENTRAL CITY CO-OP gosq.com  TX,$129.50
usaa,05/14,APPLE.COM/BILL866-712-7753 CA,$12.98
usaa,05/19,PAPPAS BBQ#665 HOUSTON  TX,$51.58
usaa,05/20,WASHINGTON HEIGHTS VET HOUSTON  TX,$26.44
usaa,05/21,SQ *CENTRAL CITY CO-OP gosq.com  TX,$129.50
usaa,02/21 02/21,"LAST WISHES, LLC HOUSTON  TX",$149.70
usaa,02/22 02/22,APPLE.COM/BILL866-712-7753 CA,$9.99
usaa,02/25 02/25,BUCHANANS NATIVE PLANTS HOUSTON  TX,$336.26
usaa,02/28 02/28,Scholz Beer Garten Austin  TX,$186.60
usaa,02/28 02/28,WHOLE EARTH PROVISION AUSTIN  TX,$57.36
usaa,02/28 02/28,TST* MAGNOLIA CAFE - WEST AUSTIN  TX,$65.17
usaa,02/28 02/28,TACODELI GRACY FARMS AUSTIN  TX,$95.89
usaa,02/28 02/28,APPLE STORE  #R216 AUSTIN  TX,$560.69
usaa,02/29,FRATELLI'S RISTORANTE HOUSTON  TX,$55.66
usaa,02/29,WHIP IN AUSTIN  TX,$67.07
usaa,02/29,SUNOCO 0548781400 BASTROP  TX,$9.41
usaa,02/29,SUNOCO 0548781400 BASTROP  TX,$52.07
usaa,03/01,RICHARDS GROCERY STORE HOUSTON  TX,$8.94
usaa,03/01,TST* FLORES MEXICAN RESTA AUSTIN  TX,$27.76
usaa,03/01,TST* SLOWPOKES - RICHMOND HOUSTON  TX,$13.12
usaa,03/01,FUZZYS PIZZA - HOUSTON TX HOUSTON  TX,$43.25
usaa,03/01,BARNABYS CAFE - MUSEUM HOUSTON  TX,$49.56
usaa,03/01,WFM Amazon*2C95Y0LJ3 Amzn.com/bill WA,$204.73
usaa,03/03,LA FITNESS949-255-7200 CA,$54.10
usaa,03/03,AMZNGrcyTip*O37EC6JL3 Amzn.com/bill WA,$10.00
usaa,03/05,WAV*CG LANDSCAPE281-5086957  TX,"$2,351.35"
usaa,03/06,SOUTHWEST AUTOMOTIVE HOUSTON  TX,$768.48
usaa,03/06,JOE MYERS FORD SERVICE HOUSTON  TX,$744.94
usaa,03/08,SQ *CENTRAL CITY CO-OP gosq.com  TX,$62.75
usaa,03/08,CORNELIUS NURSERY 301 HOUSTON  TX,$244.29
usaa,03/09,YELP-GRUBHUBFUZZYSPIZ SEAMLESS.COM  NY,$47.79
usaa,03/11,WAV*CG LANDSCAPE281-5086957  TX,"$2,432.26"
usaa,03/12,FRY'S ELECTRONICS#23 HOUSTON  TX,$262.07
usaa,03/14,BONES 2 GO INC JERSEY VILLAG TX,$128.82
usaa,03/16,THE HOME DEPOT #6985 HOUSTON  TX,$37.78
usaa,03/16,BUCHANANS NATIVE PLANTS HOUSTON  TX,$358.17
usaa,03/17,SQ *JM ENTERPRISES gosq.com  TX,$150.00
usaa,03/18,HILLCREST GARDEN OF254-5822581  TX,$914.25
usaa,03/18,SQ *JM ENTERPRISES gosq.com  TX,"$2,650.00"
usaa,03/19,WFM Amazon*Y81QX80B3 Amzn.com/bill WA,$235.70
usaa,03/21,AMZNGrcyTip*EQ3F16DU3 Amzn.com/bill WA,$10.00
usaa,03/22 03/23,SQ *CENTRAL CITY CO-OP gosq.com  TX,$136.75
usaa,03/22 03/23,APPLE.COM/BILL866-712-7753 CA,$9.99
usaa,03/24 03/24,WFM Amazon*0R9VZ9BL3 Amzn.com/bill WA,$146.24
usaa,03/25 03/25,BONES 2 GO INC281-701-3872 TX,$172.12
usaa,03/26 03/26,APPLE.COM/BILL866-712-7753 CA,$12.98
usaa,03/26 03/26,APPLE.COM/BILL866-712-7753 CA,$12.98
usaa,03/26,AMZNGrcyTip*E61MD92J3 Amzn.com/bill WA,$10.00
usaa,03/28,APPLE.COM/BILL866-712-7753 CA,$16.23
usaa,03/30,VCI*VITACOST.COM800-793-2601 FL,$195.43
usaa,03/31,WFM Amazon*KP2225SS3 Amzn.com/bill WA,$165.59
usaa,04/02,AMZNGrcyTip*6K9BQ0QF3 Amzn.com/bill WA,$10.00
usaa,04/04,PAYPAL *RUMMYSBEACH402-935-7733 TX,"$1,000.00"
usaa,04/04,AMZN Mktp US*HC8ZN9VF3 Amzn.com/bill WA,$31.55
usaa,04/05,WFM Amazon*J91SJ9IB3 Amzn.com/bill WA,$192.61
usaa,04/07,AMZNGrcyTip*WV7808WJ3 Amzn.com/bill WA,$10.00
usaa,04/07,AMZN Mktp US*8M0RS4LQ3 Amzn.com/bill WA,$71.39
usaa,04/09,APPLE.COM/BILL866-712-7753 CA,$32.46
usaa,04/10,"LAST WISHES, LLC HOUSTON  TX",$149.70
usaa,04/11,CVS/PHARMACY #06726 HOUSTON  TX,$94.27
usaa,04/14,PRELUDEMUSI8328037701TX,$50.00
usaa,04/14,Amazon.com*M580Z15C2 Amzn.com/bill WA,$61.00
usaa,04/17,APPLE.COM/BILL866-712-7753 CA,$3.22
usaa,04/18,WFM Amazon*7B3390FI3 Amzn.com/bill WA,$237.52
usaa,04/18,APPLE.COM/BILL866-712-7753 CA,$11.89
usaa,04/19,SQ *CENTRAL CITY CO-OP gosq.com  TX,$129.50
usaa,04/20,Discogs150-32587727 OR,$41.76
usaa,04/20,AMZNGrcyTip*Z98NN7OX3 Amzn.com/bill WA,$10.00
UFCU business,12/01,"Internet Banking Transfer
TO SWEDBERG , RANDALL XXXXXXXXXX Share 0080
13660 to Tim - 6500 already paid","$7,160.00"
UFCU business,12/02,"Internet Banking Transfer
TO HAYES , TIMOTHY C XXXXXXXXXX Share 0080
Invoice # 16 remainder","$1,423.21"
UFCU business,"12/03
12/02","Debit Card Check Card
LINODE.COM 855-4546633 NJ",$5.00
UFCU business,12/03,"ACH GUSTO
TYPE : TAX 260815 ID : 9138864001
CO : GUSTO","$1,816.88"
UFCU business,12/03,"ACH GUSTO
TYPE : NET 260804 ID : 9138864001
CO : GUSTO","$3,702.89"
UFCU business,12/08,"Bill Payment # 034329637440
SLACK TMXS14E6M HTTPSSLACK.CO CA",$17.06
UFCU business,"12/10
12/10","Debit Card Check Card
DREAMHOST DH-FEE.COM CA",$6.99
UFCU business,12/17,"ACH GUSTO
TYPE : TAX 390112 ID : 9138864001
CO : GUSTO","$1,429.65"
UFCU business,12/17,"ACH GUSTO
TYPE : NET 390107 ID : 9138864001
CO : GUSTO","$3,104.83"
UFCU business,12/20,"Bill Payment # 035520717265
HARVEST 646-755-7737 NY",$12.99
UFCU business,12/30,"ACH GUSTO
TYPE : TAX 488548 ID : 9138864001
CO : GUSTO",$664.74
UFCU business,12/30,"ACH GUSTO
TYPE : NET 488526 ID : 9138864001","$1,918.86"
UFCU business,12/31,Debit Card Check Card,$42.00
UFCU business,"11/03
11/02","Debit Card Check Card
LINODE.COM 855-4546633 NJ",$5.00
UFCU business,"11/07
11/06","Debit Card Check Card
PROTON * PROTONMAIL GENEVA CH",$267.59
UFCU business,11/07,"Debit Card Fee
VISA INTERNATIONAL SERVICE ASSESSMENT
Date 11/06/20",$2.68
UFCU business,11/08,"Bill Payment # 031325637543
SLACK TMXS14E6M HTTPSSLACK.CO CA",$17.06
UFCU business,11/08,"Bill Payment # 031327713343
HARVEST 646-755-7737 NY",$12.89
UFCU business,11/10,Bill Payment # 031425106749,$6.99
UFCU business,11/10,"DreamHost dh-fee.com 877-8294070 CA
Internet Banking Transfer
TO SWEDBERG , RANDALL XXXXXXXXXX Share 0080","$3,000.00"
UFCU business,11/13,"Internet Banking Transfer Invoice # 16
TO HAYES , TIMOTHY C XXXXXXXXXX Share 0080","$5,326.79"
UFCU business,"11/15
11/14","Debit Card Check Card
RAPID WEB SERVICES 727-328-7575 FL",$8.06
UFCU business,11/16,"ACH GUSTO
TYPE : BBV 124114 ID : 2453942850
CO : GUSTO",$0.31
UFCU business,11/16,"ACH GUSTO
TYPE : BBV 124115 ID : 9138864002
CO : GUSTO",$0.68
UFCU business,11/17,"ACH GUSTO
TYPE : BBV 129725 ID : 2453942850
CO : GUSTO",$0.42
UFCU business,11/17,"ACH GUSTO
TYPE : BBV 129726 ID : 9138864002
CO : GUSTO",$0.83
UFCU business,11/18,"Internet Banking Transfer
TO SWEDBERG , RANDALL XXXXXXXXXX Share 0080","$2,000.00"
UFCU business,11/18,"Internet Banking Transfer
TO SWEDBERG , RANDALL XXXXXXXXXX Share 0080","$1,000.00"
UFCU business,11/19,"Internet Banking Transfer
TO SWEDBERG , RANDALL XXXXXXXXXX Share 0080",$500.00
UFCU business,11/20,"Bill Payment # 032524745148
HARVEST 646-755-7737 NY",$12.99
UFCU business,"10/03
10/02","Debit Card Check Card
LINODE.COM 855-4546633 NJ",$5.00
UFCU business,10/08,"Bill Payment # 028222637761
SLACK TMXS14E6M HTTPSSLACK.CO CA",$17.06
UFCU business,10/10,Bill Payment # 028326104520,$6.99
UFCU business,10/31,"DreamHost dh-fee.com 877-8294070 CA
Ending Balance",
UFCU business,"09/03
09/02","Debit Card Check Card
LINODE.COM 855-4546633 NJ",$5.00
UFCU business,09/04,"Internet Banking Transfer invoice # 14
TO HAYES , TIMOTHY C XXXXXXXXXX Share 0080","$6,352.50"
UFCU business,09/08,"Bill Payment # 025222637149
SLACK TMXS14E6M SLACK.COM CA",$17.06
UFCU business,09/10,Bill Payment # 025325102245,$6.99
UFCU business,"09/17
09/17","DreamHost dh-fee.com 877-8294070 CA
Debit Card Check Card
MACSTADIUM 877-250-3497 GA",$34.00
UFCU business,09/20,"Bill Payment # 026420745123
HARVEST 646-755-7737 NY",$12.99
UFCU business,"09/25
09/25","Debit Card Check Card
HOVER 866-731-6556 MS",$16.17
UFCU business,09/26,Bill Payment # 027023100264,$19.00
UFCU business,09/30,"LOGMEIN * GoToMeeting logmein.com MA
Ending Balance",
UFCU business,"08/01
08/01","Debit Card Check Card
HOVER 866-731-6556 MS",$49.99
UFCU business,08/04,"Internet Banking Transfer
TO SWEDBERG , RANDALL XXXXXXXXXX Share 0080","$5,600.00"
UFCU business,"08/05
08/04","Debit Card Check Card
LINODE.COM 855-4546633 NJ",$5.00
UFCU business,08/05,"ACH ALLY BANK
TYPE : $ TRANSFER ID : 3770527921
CO : ALLY BANK","$1,897.50"
UFCU business,08/08,"Bill Payment # 022120637516
SLACK TMXS14E6M SLACK.COM CA",$17.06
UFCU business,08/10,Bill Payment # 022226099998,$4.95
UFCU business,08/14,"Internet Banking Transfer
TO SWEDBERG , RANDALL XXXXXXXXXX Share 0080","$6,600.00"
UFCU business,08/17,"Bill Payment # 023021100283
XFINITY WIFI 866-489-0919 PA",$54.95
UFCU business,"08/18
08/18","Debit Card Check Card
MACSTADIUM 877-250-3497 GA",$34.00
UFCU business,08/20,"Bill Payment # 023323717158
HARVEST 646-755-7737 NY",$12.99
UFCU business,08/26,Bill Payment # 023925200156,$19.00
UFCU business,08/28,"ACH IRS
TYPE : USATAXPYMT ID : 3387702000 CO : IRS",$820.00
UFCU business,07/01,"Internet Banking Transfer invoice 12
TO HAYES , TIMOTHY C XXXXXXXXXX Share 0080","$3,815.00"
UFCU business,"07/03
07/02","Debit Card Check Card
LINODE.COM 855-4546633 NJ",$5.00
UFCU business,"07/03
07/02","Debit Card Check Card
BUSINESS FILINGS 800-981-7183 WI",$199.00
UFCU business,07/08,"Bill Payment # 019023637890
SLACK TMXS14E6M SLACK.COM CA",$17.06
UFCU business,07/10,Bill Payment # 019129097840,$4.95
UFCU business,07/10,"DreamHost dh-fee.com 877-8294070 CA
Internet Banking Transfer
TO SWEDBERG , RANDALL XXXXXXXXXX Share 0080","$5,700.00"
UFCU business,07/13,"ACH ALLY BANK
TYPE : $ TRANSFER ID : 3770527921
CO : ALLY BANK","$1,950.00"
UFCU business,"07/17
07/17","Debit Card Check Card
MACSTADIUM 877-250-3497 GA",$34.00
UFCU business,"07/20
07/19","Debit Card Check Card
HOVER 866-731-6556 MS",$15.17
UFCU business,07/20,"Bill Payment # 020227745331
HARVEST 646-755-7737 NY",$12.99
UFCU business,07/22,Internet Banking Transfer,"$5,900.00"
UFCU business,07/23,"ACH ALLY BANK
TYPE : $ TRANSFER ID : 3770527921
CO : ALLY BANK","$1,980.00"
UFCU business,07/23,"Internet Banking Transfer invoice # 13
TO HAYES , TIMOTHY C XXXXXXXXXX Share 0080","$3,307.50"
UFCU business,07/26,"Bill Payment # 020726637322
GAIA GPS PREMIUM 8706002141 CA",$39.99
UFCU business,"07/26
07/25","Debit Card Check Card
ALOOK MEDIA AMSTERDAM NL",$4.17
UFCU business,07/26,"Debit Card Fee
VISA INTERNATIONAL SERVICE ASSESSMENT
Date 07/25/20",$0.03
UFCU business,07/26,Bill Payment # 020827100605,$19.00
UFCU business,07/31,"LOGMEIN * GoToMeeting logmein.com MA
Ending Balance",
UFCU business,06/02,"Internet Banking Transfer bill pay advance
TO SWEDBERG , RANDALL XXXXXXXXXX Share 0080",$300.00
UFCU business,"06/03
06/02","Debit Card Check Card
LINODE.COM 855-4546633 NJ",$5.00
UFCU business,06/04,"Internet Banking Transfer
TO SWEDBERG , RANDALL XXXXXXXXXX Share 0080",$300.00
UFCU business,"06/04
06/04","Debit Card Check Card
SQ * TORNADO TACO HOUSTON TX",$13.40
UFCU business,06/07,"Internet Banking Transfer
TO SWEDBERG , RANDALL XXXXXXXXXX Share 0080",$100.00
UFCU business,"06/07
06/07","Debit Card Check Card
AN FORD KATY KATY TX","$2,501.00"
UFCU business,06/08,"Internet Banking Transfer office rent
TO SWEDBERG , RANDALL XXXXXXXXXX Share 0080","$1,000.00"
UFCU business,06/08,"Bill Payment # 016020637466
SLACK TMXS14E6M SLACK.COM CA",$17.06
UFCU business,"06/10
06/09","Debit Card Check Card
DreamHost dh-fee.com 877-8294070 CA",$4.95
UFCU business,"06/10
06/10","Debit Card Check Card
HOVER 866-731-6556 MS",$31.17
UFCU business,06/10,"ACH ADVENTURE UP OVE
TYPE : SALE ID : 9215986202
CO : ADVENTURE UP OVE",$595.00
UFCU business,06/10,"Internet Banking Transfer
TO SWEDBERG , RANDALL XXXXXXXXXX Share 0080","$2,700.00"
UFCU business,06/10,"POS # 5PNOCW0AVEHM
AMAZON.COM * MY94R5UH1 SEATTLE WA",$25.97
UFCU business,06/11,"CHASE 7803 LONG POINT RD HOUSTON TX TX0040
at ATM # 016315346360",$463.00
UFCU business,06/11,"Non UFCU ATM Fee
CHASE 7803 LONG POINT RD HOUSTON TX TX0040",$1.00
UFCU business,06/12,"Internet Banking Transfer CCs
TO SWEDBERG , RANDALL XXXXXXXXXX Share 0080","$1,750.00"
UFCU business,06/15,"at ATM # 016705889814
Wells Fargo Ban 13560 IH 10 EAST . Houston
TX 0903B",$403.00
UFCU business,06/15,"Non UFCU ATM Fee
Wells Fargo Ban 13560 IH 10 EAST . Houston
TX 0903B",$1.00
UFCU business,"06/17
06/17","Debit Card Check Card
MACSTADIUM 877-250-3497 GA",$34.00
UFCU business,06/18,"Internet Banking Transfer
TO SWEDBERG , RANDALL XXXXXXXXXX Share 0080","$4,300.00"
UFCU business,06/18,"Internet Banking Transfer
TO SWEDBERG , RANDALL XXXXXXXXXX Share 0080",$350.00
UFCU business,06/18,"Internet Banking Transfer
TO SWEDBERG , RANDALL XXXXXXXXXX Share 0080",$500.00
UFCU business,06/18,"POS # 017016361517
OFFICE DEPOT 00 5330 W HOUSTON TX",$17.30
UFCU business,"06/19
06/19","Debit Card Check Card
FEDEX 394007648626 MEMPHIS TN",$110.77
UFCU business,"06/19
06/19","Debit Card Check Card
FEDEX 940487539496 MEMPHIS TN",$12.98
UFCU business,06/20,"Bill Payment # 017221715578
HARVEST 646-755-7737 NY",$12.99
UFCU business,06/22,"Internet Banking Transfer
TO SWEDBERG , RANDALL XXXXXXXXXX Share 0080",$10.00
UFCU business,"06/25
06/24","Debit Card Check Card
USPS PO BOXES ONLINE 800-344-7779 DC",$30.00
UFCU business,06/27,"Bill Payment # 017829100083
LOGMEIN * GoToMeeting logmein.com MA",$19.00
UFCU business,"06/28
06/26","Debit Card Check Card
WHATABURGER 501 Q26 JERSEY VILLAG TX",$4.97
UFCU business,"06/28
06/26","Adjustment Debit Card Credit Voucher
USPS PO BOXES ONLINE 800-3447779 DC",
UFCU business,"03/03
03/02","Debit Card Check Card
LINODE.COM 855-4546633 NJ",$5.00
UFCU business,03/03,"Internet Banking Transfer
TO SWEDBERG , RANDALL XXXXXXXXXX Share 0080","$8,660.00"
UFCU business,"03/04
03/03","Debit Card Check Card
FEDEX OFFIC21100021113 HOUSTON TX",$28.46
UFCU business,03/04,"ACH ALLY BANK
TYPE : $ TRANSFER ID : 3770527921
CO : ALLY BANK","$2,887.50"
UFCU business,03/05,"Bill Payment # 006527100189
XFINITY WIFI 866-489-0919 PA",$54.95
UFCU business,03/06,"ACH ALLY BANK
TYPE : $ TRANSFER ID : 3770527921
CO : ALLY BANK","$6,500.00"
UFCU business,03/06,"ACH ALLY BANK
TYPE : $ TRANSFER ID : 3770527921
CO : ALLY BANK","$8,000.00"
UFCU business,03/08,"Bill Payment # 006826637820
SLACK SLACK.COM CA",$17.06
UFCU business,03/09,"Internet Banking Transfer
TO SWEDBERG , RANDALL XXXXXXXXXX Share 0080","$1,000.00"
UFCU business,"03/11
03/10","Debit Card Check Card
STILES SWITCH LLC AUSTIN TX",$89.09
UFCU business,03/11,"Internet Banking Transfer Invoice # 8
TO HAYES , TIMOTHY C XXXXXXXXXX Share 0080","$3,132.50"
UFCU business,03/12,"Internet Banking Transfer
TO SWEDBERG , RANDALL XXXXXXXXXX Share 0080","$3,000.00"
UFCU business,03/18,"Internet Banking Transfer
TO SWEDBERG , RANDALL XXXXXXXXXX Share 0080","$9,800.00"
UFCU business,03/19,"ACH ALLY BANK
TYPE : $ TRANSFER ID : 3770527921
CO : ALLY BANK","$3,279.38"
UFCU business,03/20,"Bill Payment # 008022715764
HARVEST 646-755-7737 NY",$12.99
UFCU business,03/26,Bill Payment # 008626100417,$19.00
UFCU business,03/30,"Internet Banking Transfer
TO SWEDBERG , RANDALL XXXXXXXXXX Share 0080",$300.00
UFCU business,03/31,"Internet Banking Transfer
TO SWEDBERG , RANDALL XXXXXXXXXX Share 0080",$300.00
UFCU business,03/31,"Internet Banking Transfer Invoice # 9
TO HAYES , TIMOTHY C XXXXXXXXXX Share 0080","$2,572.50"
UFCU business,05/01,"Internet Banking Transfer
TO SWEDBERG , RANDALL XXXXXXXXXX Share 0080","$9,900.00"
UFCU business,"05/03
05/02","Debit Card Check Card
LINODE.COM 855-4546633 NJ",$5.00
UFCU business,05/05,"ACH ALLY BANK
TYPE : $ TRANSFER ID : 3770527921
CO : ALLY BANK","$3,300.00"
UFCU business,05/08,"Bill Payment # 012922637940
SLACK TMXS14E6M SLACK.COM CA",$17.06
UFCU business,05/09,"Internet Banking Transfer
TO SWEDBERG , RANDALL XXXXXXXXXX Share 0080","$1,100.00"
UFCU business,05/09,"Internet Banking Transfer
TO SWEDBERG , RANDALL XXXXXXXXXX Share 0080","$1,000.00"
UFCU business,05/13,"Internet Banking Transfer bills and CCs
TO SWEDBERG , RANDALL XXXXXXXXXX Share 0080","$5,000.00"
UFCU business,05/18,"Internet Banking Transfer
TO SWEDBERG , RANDALL XXXXXXXXXX Share 0080",$100.00
UFCU business,05/18,"Internet Banking Transfer
TO SWEDBERG , RANDALL XXXXXXXXXX Share 0080",$200.00
UFCU business,05/18,"Internet Banking Transfer
TO SWEDBERG , RANDALL XXXXXXXXXX Share 0080","$1,200.00"
UFCU business,05/18,"Internet Banking Transfer
TO SWEDBERG , RANDALL XXXXXXXXXX Share 0080",$300.00
UFCU business,05/20,"Internet Banking Transfer Invoice # 11
TO HAYES , TIMOTHY C XXXXXXXXXX Share 0080","$4,007.50"
UFCU business,05/20,Bill Payment # 014129743792,$12.99
UFCU business,05/25,"HARVEST 646-755-7737 NY
Internet Banking Transfer
TO SWEDBERG , RANDALL XXXXXXXXXX Share 0080",$200.00
UFCU business,05/26,Bill Payment # 014725100332,$19.00
UFCU business,05/29,"LOGMEIN * GoToMeeting logmein.com MA
Internet Banking Transfer bills
TO SWEDBERG , RANDALL XXXXXXXXXX Share 0080","$6,000.00"
UFCU business,05/30,"at ATM # 015122758376
CHASE 2305 WIRT RD HOUSTON TX TX6394",$123.00
UFCU business,05/30,"Non UFCU ATM Fee
CHASE 2305 WIRT RD HOUSTON TX TX6394",$1.00
UFCU business,05/30,"POS # 015100283312
AUTOZONE 1444 8090 LONG POINT RD HOUSTON
TX",$30.29
UFCU business,"02/03
02/02","Debit Card Check Card
LINODE.COM 855-4546633 NJ",$5.00
UFCU business,02/05,"ACH CLARITY AND RIGO
TYPE : DIRECT DEP ID : 9111111101
CO : CLARITY AND RIGO",
UFCU business,02/05,"Internet Banking Transfer
TO SWEDBERG , RANDALL XXXXXXXXXX Share 0080","$9,500.00"
UFCU business,02/06,"CO : ALLY BANK
ACH ALLY BANK
TYPE : $ TRANSFER ID : 3770527921","$3,258.75"
UFCU business,"02/06
02/06","Debit Card Check Card
HOVER 866-731-6556 MS",$29.99
UFCU business,02/08,"Bill Payment # 003924637113
SLACK SLACK.COM CA",$17.06
UFCU business,02/13,"POS # 004417853596
OFFICE DEPOT 00 5330 W HOUSTON TX",$22.72
UFCU business,02/13,"POS # 004400219702
USPS PO 48018300 8000 LONG POINT RD
HOUSTON TX",$7.75
UFCU business,02/20,"Bill Payment # 005125719716
HARVEST 646-755-7737 NY",$12.99
UFCU business,02/21,"Internet Banking Transfer invoice # 7
TO HAYES , TIMOTHY C XXXXXXXXXX Share 0080","$5,022.50"
UFCU business,02/21,"POS # 005219452027
LOVES TRAVEL HEARNE TX",$23.80
UFCU business,"02/24
02/24","Debit Card Check Card
HOTELTONIGHTHYATT PLA 8002082949 CA",$118.00
UFCU business,02/24,"CO : CLARITY AND RIGO
Internet Banking Transfer
TO SWEDBERG , RANDALL XXXXXXXXXX Share 0080","$9,750.00"
UFCU business,02/25,"ACH ALLY BANK
TYPE : $ TRANSFER ID : 3770527921
CO : ALLY BANK","$3,300.00"
UFCU business,02/26,"Bill Payment # 005724100937
LOGMEIN * GoToMeeting logmein.com MA",$19.00
UFCU business,04/02,"Internet Banking Transfer
TO SWEDBERG , RANDALL XXXXXXXXXX Share 0080","$9,900.00"
UFCU business,04/03,"ACH ALLY BANK
TYPE : $ TRANSFER ID : 3770527921
CO : ALLY BANK","$3,300.00"
UFCU business,"04/04
04/03","Debit Card Check Card
LINODE.COM 855-4546633 NJ",$5.00
UFCU business,04/06,"Internet Banking Transfer
TO SWEDBERG , RANDALL XXXXXXXXXX Share 0080","$2,500.00"
UFCU business,04/07,"ACH ALLY BANK
TYPE : $ TRANSFER ID : 3770527921
CO : ALLY BANK","$6,500.00"
UFCU business,04/08,"Bill Payment # 009929637564
SLACK SLACK.COM CA",$17.06
UFCU business,04/10,"Internet Banking Transfer
TO SWEDBERG , RANDALL XXXXXXXXXX Share 0080","$3,050.00"
UFCU business,04/10,"Internet Banking Transfer
From SWEDBERG , RANDAL XXXXXXXXXX Share 0080",
UFCU business,04/13,"Internet Banking Transfer
TO SWEDBERG , RANDALL XXXXXXXXXX Share 0080","$1,500.00"
UFCU business,04/13,"Internet Banking Transfer
TO SWEDBERG , RANDALL XXXXXXXXXX Share 0080",$500.00
UFCU business,04/14,"Internet Banking Transfer
TO SWEDBERG , RANDALL XXXXXXXXXX Share 0080","$9,900.00"
UFCU business,04/14,"Internet Banking Transfer
From SWEDBERG , RANDAL XXXXXXXXXX Share 0080",
UFCU business,04/15,"ACH ALLY BANK
TYPE : $ TRANSFER ID : 3770527921
CO : ALLY BANK","$3,300.00"
UFCU business,04/20,Bill Payment # 011123894619,$12.99
UFCU business,04/21,"HARVEST 646-755-7737 NY
Internet Banking Transfer Invoice # 10
TO HAYES , TIMOTHY C XXXXXXXXXX Share 0080","$2,590.00"
UFCU business,04/26,Bill Payment # 011724100116,$19.00
UFCU business,04/30,"LOGMEIN * GoToMeeting logmein.com MA
Ending Balance",
UFCU business,"01/01
12/30","Debit Card Check Card
CIVIC LIQUOR & WINE HOUSTON TX",$21.64
UFCU business,"01/03
01/02","Debit Card Check Card
LINODE.COM 855-4546633 NJ",$5.00
UFCU business,01/04,"Bill Payment # 000427100799
XFINITY WIFI 866-489-0919 PA",$54.95
UFCU business,01/06,"POS # 000637152301
NST THE HOME DEPOT 070077 8400 KATY
FREEWAY HOUSTON TX",$76.71
UFCU business,01/06,"POS # 000668249101
NST THE HOME DEPOT 361194 8400 KATY
FREEWAY HOUSTON TX",$2.18
UFCU business,01/07,"Bill Payment # 000724100664
XFINITY WIFI 866-489-0919 PA",$19.95
UFCU business,01/08,"Bill Payment # 000824637381
SLACK SLACK.COM CA",$17.06
UFCU business,"01/09
01/08","Debit Card Check Card
TST * CANDENTE TEX MEX HOUSTON TX",$201.81
UFCU business,"01/10
01/10","Debit Card Check Card
TST * KARBACH BREWING HOUSTON TX",$75.71
UFCU business,"01/10
01/09","Debit Card Check Card
WAN FU CAFE HOUSTON TX",$30.17
UFCU business,"01/11
01/11","Debit Card Check Card
HOTELTONIGHTJW MARRIO 8002082949 CA",$172.00
UFCU business,01/13,"Bill Payment # 001326100379
XFINITY WIFI 866-489-0919 PA",$19.95
UFCU business,01/13,"at ATM # 001312797496
Regions NORTHBROOK HOUSTON TX TX82561",$203.50
UFCU business,01/13,"Non UFCU ATM Fee
Regions NORTHBROOK HOUSTON TX TX82561",$1.00
UFCU business,"01/14
01/14","Debit Card Check Card
FEDEX 779623981763 MEMPHIS TN",$52.30
UFCU business,01/20,"Bill Payment # 002020100757
XFINITY WIFI 866-489-0919 PA",$19.95
UFCU business,01/20,"Bill Payment # 002028713463
HARVEST 646-755-7737 NY",$12.99
UFCU business,01/21,"at ATM # 002118482369
CHASE 7803 LONG POINT RD HOUSTON TX TX4717",$103.00
UFCU business,01/21,"Non UFCU ATM Fee
CHASE 7803 LONG POINT RD HOUSTON TX TX4717",$1.00
UFCU business,01/21,"at ATM # 002121486931
CHASE 7803 LONG POINT RD HOUSTON TX TX4717",$123.00
UFCU business,01/21,"Non UFCU ATM Fee
CHASE 7803 LONG POINT RD HOUSTON TX TX4717",$1.00
UFCU business,01/22,"Internet Banking Transfer
TO HAYES , TIMOTHY C XXXXXXXXXX Share 0080","$2,712.50"
UFCU business,01/23,"ACH ALLY BANK
TYPE : $ TRANSFER ID : 3770527921
CO : ALLY BANK","$4,207.50"
UFCU business,01/23,"ACH ALLY BANK
TYPE : $ TRANSFER ID : 3770527921
CO : ALLY BANK","$10,000.00"
UFCU business,"01/24
01/23","Debit Card Check Card
MIGHT AS WELL LOUNGE HOUSTON TX",$35.00
UFCU business,01/27,"Bill Payment # 002724100179
XFINITY WIFI 866-489-0919 PA",$19.95
UFCU business,01/31,"Internet Banking Transfer
TO SWEDBERG , RANDALL XXXXXXXXXX Share 0080",$475.00
UFCU CC,10/22/2020,Purchase Bill Payment # 029522637928 BALSAMIQ 4153673531 CA,$44.50
UFCU CC,10/22/2020,DAIRY QUEEN # 14251 HOUSTON TX,$8.21
UFCU CC,10/22/2020,SQ * 7TACO HOUSTON TX,$15.87
UFCU CC,10/22/2020,CHEVRON 0376218 SPRING TX,$11.67
UFCU CC,06/19/2020,KATZ COFFEE 7138643338 TX,$22.00
UFCU CC,06/19/2020,CHUY'S HOUSTON TX,$69.13
UFCU CC,06/20/2020,Amazon.com * MS5UR55V1 Amzn.com/bill WA,$16.86
UFCU CC,06/21/2020,BRITTMOORE ANIMAL HOSPI HOUSTON TX,$107.24
UFCU CC,06/27/2020,AMAZON.COM * MS44K5SD2 AM AMZN.COM/BILL WA,$26.63
UFCU CC,06/28/2020,AMAZON.COM * MJ4FS70K1 AM AMZN.COM/BILL WA,$11.90
UFCU CC,06/30/2020,AMZN Mktp US * MJ2IZ9NP1 Amzn.com/bill WA,$42.68
UFCU CC,07/02/2020,"Recurring Purchase Bill Payment # 018328083927 BLINK MOTO
# 713 866-358-6300 TX",$16.24
UFCU CC,07/02/2020,Amazon Tips * MJ1UP7FV2 Amzn.com/bill WA,$5.00
UFCU CC,07/03/2020,Prime Video * MJ6XI3ZZ0 888-802-3080 WA,$10.81
UFCU CC,07/15/2020,H - E - B ONLINE 800-987-4438 TX,$185.44
UFCU CC,09/17/2020,SQ * GOOD CITY COFFEE CO The Woodlands TX,$4.25
UFCU CC,09/17/2020,WOODLANDS PERFORMANCE & THE WOODLANDS TX,"$2,075.00"
UFCU CC,09/18/2020,MI SOMBRERO HOUSTON TX,$15.63
UFCU CC,09/18/2020,DAIRY QUEEN # 14251 HOUSTON TX,$3.34
UFCU CC,09/18/2020,SPECS # 15 SPRING TX,$63.43
UFCU CC,09/18/2020,EXXONMOBIL 47942024 HOUSTON TX,$54.77
UFCU CC,09/22/2020,SUNOCO 0307947200 LLANO TX,$52.46
UFCU CC,09/23/2020,H - E - B ONLINE 800-987-4438 TX,$126.96
UFCU CC,09/23/2020,AMZN Mktp US * M42CR7BH2 Amzn.com/bill WA,$75.75
UFCU CC,09/23/2020,AMZN Mktp US * M471H6B12 Amzn.com/bill WA,$27.05
UFCU CC,09/23/2020,AMZN Mktp US * M48UM8PZ0 Amzn.com/bill WA,$37.88
UFCU CC,09/27/2020,TXTAG 888 468 9824 888-4689824 TX,$20.00
UFCU CC,09/30/2020,AMZN Mktp US * M45H68UB0 Amzn.com/bill WA,$20.95
UFCU CC,09/30/2020,AMAZON.COM * M45274UK0 AM AMZN.COM/BILL WA,$16.89
UFCU CC,08/16/2020,SQ * BLACK HOLE COFFEE H Houston TX,$15.19
UFCU CC,08/18/2020,CVS / PHARMACY # 06726 HOUSTON TX,$20.94
UFCU CC,08/18/2020,SQ * BLACK HOLE COFFEE H Houston TX,$9.85
UFCU CC,08/19/2020,CHUY'S HOUSTON TX,$69.13
UFCU CC,08/20/2020,eBay O * 24-05606-29076 San Jose CA,$21.43
UFCU CC,08/20/2020,SQ * 7TACO Houston TX,$13.93
UFCU CC,08/20/2020,VCI * VITACOST.COM 800-793-2601 FL,$213.41
UFCU CC,08/20/2020,PAYPAL * MIU EBAY MIU 402-935-7733 CA,$40.11
UFCU CC,08/20/2020,PAYPAL * GINGERBREAD EBA 402-935-7733 CA,$32.96
UFCU CC,08/22/2020,PIZZA ZONE SPRING TX,$25.85
UFCU CC,08/22/2020,DAIRY QUEEN # 14251 HOUSTON TX,$12.85
UFCU CC,08/22/2020,SHELL OIL 57543440200 SPRING TX,$5.60
UFCU CC,08/23/2020,O'REILLY AUTO PARTS 117 HOUSTON TX,$19.78
UFCU CC,08/23/2020,AUTOZONE # 1444 HOUSTON TX,$22.71
UFCU CC,08/23/2020,CVS / PHARMACY # 06726 HOUSTON TX,$62.74
UFCU CC,08/23/2020,6124 EL POLLO LOCO HOUSTON TX,$10.27
UFCU CC,08/24/2020,ACADEMY SPORTS # 116 HOUSTON TX,$44.33
UFCU CC,08/24/2020,SPARKLES SPRING BRANCH HOUSTON TX,$50.00
UFCU CC,08/24/2020,REI # 55 HOUSTON HOUSTON TX,$424.64
UFCU CC,08/24/2020,WAN FU CAFE HOUSTON TX,$44.43
UFCU CC,08/25/2020,SWIFT MART 2047 WIRT HOUSTON TX,$24.00
UFCU CC,08/25/2020,SWIFT MART 2047 WIRT HOUSTON TX,$51.86
UFCU CC,08/25/2020,SWIFT MART 2047 WIRT HOUSTON TX,$26.95
UFCU CC,08/25/2020,SOUTHWEST AUTOMOTIVE HOUSTON TX,$59.24
UFCU CC,08/25/2020,REI # 55 HOUSTON HOUSTON TX,$29.07
UFCU CC,08/25/2020,ABU ALI CAFE LLC HOUSTON TX,$21.50
UFCU CC,08/26/2020,H - E - B ONLINE 800-987-4438 TX,$346.81
UFCU CC,08/26/2020,CHUY'S HOUSTON TX,$71.54
UFCU CC,08/26/2020,THE HOME DEPOT # 6985 HOUSTON TX,$59.46
UFCU CC,08/27/2020,H - E - B ONLINE SAN ANTONIO TX,-$8.23
UFCU CC,09/04/2020,H - E - B ONLINE 800-987-4438 TX,$262.43
UFCU CC,09/04/2020,H - E - B ONLINE SAN ANTONIO TX,-$23.03
UFCU CC,09/06/2020,FIVE GUYS TX 1231 QSR PEARLAND TX,$30.59
UFCU CC,09/06/2020,TXTAG 888 468 9824 888-4689824 TX,$20.00
UFCU CC,09/06/2020,SHELL OIL 57546222001 ANGLETON TX,$8.29
UFCU CC,09/08/2020,REI.COM 800-426-4840 WA,$49.24
UFCU CC,09/09/2020,AMZN Mktp US * MU6X67P60 Amzn.com/bill WA,$108.20
UFCU CC,09/15/2020,TXTAG 888 468 9824 888-4689824 TX,$20.00
UFCU CC,07/20/2020,AMZN MKTP US * MV76V4EG0 AMZN.COM/BILL WA,$49.98
UFCU CC,07/21/2020,ZERO DECLINATION WWW.ZERODECLI NV,$275.50
UFCU CC,07/22/2020,TACO CABANA 20141 HOUSTON TX,$7.56
UFCU CC,07/23/2020,TACO CABANA 20276 CYPRESS TX,$12.18
UFCU CC,07/23/2020,Prime Video * MV49D9MR0 888-802-3080 WA,$3.24
UFCU CC,07/23/2020,SWC 800-6377439 TX,$7.72
UFCU CC,07/26/2020,CAMEO HTTPSWWW.CAME IL,$85.00
UFCU CC,07/29/2020,TXTAG 888 468 9824 888-4689824 TX,$20.00
UFCU CC,07/31/2020,CVS / PHARMACY # 06726 HOUSTON TX,$10.36
UFCU CC,07/31/2020,STARBUCKS STORE 48923 HOUSTON TX,$18.08
UFCU CC,07/31/2020,AMAZON.COM * MF33M90D0 AM AMZN.COM/BILL WA,$21.21
UFCU CC,08/01/2020,CHUY'S HOUSTON TX,$59.13
UFCU CC,08/02/2020,"Recurring Purchase Bill Payment # 021425083932 BLINK MOTO
# 713 866-358-6300 TX",$16.24
UFCU CC,08/02/2020,PAPPAS BBQ # 665 HOUSTON TX,$46.87
UFCU CC,08/02/2020,SSA HERMAN PARK CONSERV HOUSTON TX,$8.00
UFCU CC,08/02/2020,SSA HERMAN PARK CONSERV HOUSTON TX,$11.67
UFCU CC,08/02/2020,SQ * 7TACO Houston TX,$9.02
UFCU CC,08/03/2020,CVS / PHARMACY # 06726 HOUSTON TX,$8.91
UFCU CC,08/03/2020,STARBUCKS STORE 13963 SPRING VALLEY TX,$10.72
UFCU CC,08/03/2020,SHELL OIL 12628283009 HOUSTON TX,$64.73
UFCU CC,08/05/2020,MELLOW MUSHROOM # 214 HOUSTON TX,$35.05
UFCU CC,08/05/2020,MELLOW MUSHROOM # 214 HOUSTON TX,$5.79
UFCU CC,08/06/2020,WHATABURGER 828 Q26 TOMBALL TX,$9.13
UFCU CC,08/07/2020,Prime Video * MF3AM 1201 888-802-3080 WA,$4.32
UFCU CC,08/07/2020,KFC C521024 HOUSTON TX,$9.07
UFCU CC,08/07/2020,TST * RUDY S COUNTRY STO HOUSTON TX,$17.47
UFCU CC,08/09/2020,H - E - B ONLINE 800-987-4438 TX,$139.50
UFCU CC,08/12/2020,Prime Video * MF1602SN0 888-802-3080 WA,$21.64
UFCU CC,08/13/2020,Prime Video * MF4XX9K72 888-802-3080 WA,$2.15
UFCU CC,05/17/2020,CHEVRON 0381225 HOUSTON TX,$5.27
UFCU CC,05/18/2020,SQ * CENTRAL CITY CO - OP gosq.com TX,$47.70
UFCU CC,05/18/2020,CVS / PHARMACY # 06726 HOUSTON TX,$34.21
UFCU CC,05/18/2020,HARBOR FREIGHT TOOLS 79 HOUSTON TX,$92.00
UFCU CC,05/18/2020,NORTHERN TOOL & EQUIPCO HOUSTON TX,"$1,146.35"
UFCU CC,05/18/2020,RACEWAY6962 32769622 HOUSTON TX,$2.15
UFCU CC,05/18/2020,RACEWAY6962 32769622 HOUSTON TX,$37.32
UFCU CC,05/19/2020,EL TIEMPO CANTINA - WA HOUSTON TX,$80.77
UFCU CC,05/19/2020,AMZN Mktp US * M713K93F0 Amzn.com/bill WA,$223.31
UFCU CC,05/21/2020,APPLE.COM/US 800-676-2775 CA,$53.04
UFCU CC,05/21/2020,Amazon Tips * M76277GY1 Amzn.com/bill WA,$10.00
UFCU CC,05/22/2020,SWIFT MART AMELIA HOUSTON TX,$6.00
UFCU CC,05/23/2020,NORTHERN TOOL EQUIP TX HOUSTON TX,$358.28
UFCU CC,05/24/2020,EXXONMOBIL 47914718 HOUSTON TX,$8.63
UFCU CC,05/25/2020,WHATABURGER 1079 HOUSTON TX,$9.94
UFCU CC,05/25/2020,BESTBUYCOM806078447147 888 - BESTBUY MN,$53.03
UFCU CC,05/25/2020,CHUY'S HOUSTON TX,$69.13
UFCU CC,05/25/2020,SQ * BLACK HOLE COFFEE H Houston TX,$10.52
UFCU CC,05/26/2020,SWIFT FOOD MART HOUSTON TX,$37.47
UFCU CC,05/26/2020,AMZN Mktp US * M74H73911 Amzn.com/bill WA,$123.63
UFCU CC,05/26/2020,BONES 2 GO INC JERSEY VILLAG TX,$211.09
UFCU CC,05/28/2020,Amazon Tips * M74YT0QK2 Amzn.com/bill WA,$7.00
UFCU CC,05/29/2020,CHAPULTEPEC LUPITA HOUSTON TX,$102.44
UFCU CC,05/30/2020,CHICK - FIL - A # 03184 HOUSTON TX,$8.11
UFCU CC,05/31/2020,DAIRY QUEEN # 43537 SPRING TX,$9.07
UFCU CC,05/31/2020,AMZN MKTP US * MY3ZR3ND1 AMZN.COM/BILL WA,$30.31
UFCU CC,05/31/2020,SUNOCO 0823890900 SPRING TX,$24.72
UFCU CC,06/01/2020,SQ * CENTRAL CITY CO - OP gosq.com TX,$37.95
UFCU CC,06/01/2020,Prime Video⭑ * MY3D26FY0 888-802-3080 WA,$20.56
UFCU CC,06/01/2020,EL RANCHO # 34 HOUSTON TX,$28.88
UFCU CC,06/01/2020,"Recurring Purchase Bill Payment # 015324083923 BLINK MOTO
# 713 866-358-6300 TX",$13.09
UFCU CC,06/04/2020,AMZN Mktp US * MY3UR5X01 Amzn.com/bill WA,$17.31
UFCU CC,06/10/2020,SQ * CENTRAL CITY CO - OP gosq.com TX,$14.95
UFCU CC,06/11/2020,Prime Video * MY1801HZ2 888-802-3080 WA,$3.24
UFCU CC,06/12/2020,KFC C521024 HOUSTON TX,$7.00
UFCU CC,06/12/2020,AMZN Mktp US * MY0HT1YQ1 Amzn.com/bill WA,$29.23
UFCU CC,06/12/2020,FRATELLI'S RISTORANTE HOUSTON TX,$72.02
UFCU CC,06/13/2020,SWIFT MART 2047 WIRT HOUSTON TX,$27.60
UFCU CC,06/13/2020,EL BOSQUE MEXICAN RESTA MONTGOMERY TX,$17.08
UFCU CC,06/13/2020,EL BOSQUE MEXICAN RESTA MONTGOMERY TX,$31.39
UFCU CC,06/13/2020,Prime Video * MY8N28SM2 888-802-3080 WA,$1.10
UFCU CC,06/13/2020,EXXONMOBIL 47880307 MONTGOMERY TX,$5.77
UFCU CC,06/13/2020,STARBUCKS STORE 06393 HOUSTON TX,$2.87
UFCU CC,03/16/2020,WHOLEFDS CMP # 10497 HOUSTON TX,$452.16
UFCU CC,03/17/2020,BONES 2 GO INC JERSEY VILLAG TX,$213.24
UFCU CC,03/18/2020,BUSY BODY HOUSTON TX,$752.72
UFCU CC,03/18/2020,BUSY BODY HOUSTON TX,$36.11
UFCU CC,03/23/2020,CORNER STORE 1471 WILLIS TX,$32.64
UFCU CC,03/25/2020,SQ * CENTRAL CITY CO - OP gosq.com TX,$72.00
UFCU CC,03/28/2020,SQ * CENTRAL CITY CO - OP gosq.com TX,$155.06
UFCU CC,04/04/2020,SQ * CENTRAL CITY CO - OP gosq.com TX,$126.85
UFCU CC,04/05/2020,SQ * CENTRAL CITY CO - OP gosq.com TX,$11.50
UFCU CC,04/08/2020,H - E - B ONLINE 800-987-4438 TX,$53.41
UFCU CC,04/12/2020,H - E - B ONLINE 800-987-4438 TX,$271.42
UFCU CC,04/13/2020,"Purchase Bill Payment # 010328100971 SQ * CENTRAL CITY CO - OP
gosq.com TX",$127.97
UFCU CC,04/13/2020,SQ * CENTRAL CITY CO - OP gosq.com TX,$42.55
UFCU CC,04/13/2020,EXXONMOBIL 47880307 MONTGOMERY TX,$49.44
UFCU CC,04/15/2020,SHELL OIL 57543066104 HOUSTON TX,$27.81
UFCU CC,04/19/2020,"Purchase Bill Payment # 011024100860 SQ * TEXAS GARDEN
MATERI gosq.com TX",$268.46
UFCU CC,04/19/2020,SQ * CENTRAL CITY CO - OP gosq.com TX,$67.45
UFCU CC,04/23/2020,H - E - B ONLINE 800-987-4438 TX,$117.25
UFCU CC,05/04/2020,SQ * CENTRAL CITY CO - OP gosq.com TX,$64.35
UFCU CC,05/08/2020,TXTAG 888 468 9824 888-4689824 TX,$56.08
UFCU CC,05/10/2020,BUC - EE'S # 33 TEXAS CITY TX,$27.93
UFCU CC,05/10/2020,BISTRO MENIL HOUSTON TX,$87.12
UFCU CC,05/10/2020,GALVESTON RAILROAD MUSE GALVESTON TX,$27.01
UFCU CC,05/10/2020,GALVESTON RAILROAD MUS 409-765-5700 TX,$10.00
UFCU CC,05/12/2020,CVS / PHARMACY # 06726 HOUSTON TX,$73.36
UFCU CC,05/12/2020,CHICK - FIL - A # 03184 HOUSTON TX,$8.11
UFCU CC,05/13/2020,LS * BIG BLUE WHALE HOUSTON TX,$141.75
UFCU CC,05/13/2020,SWIFT FOOD MART HOUSTON TX,$32.78
UFCU CC,05/13/2020,TST * BOOMTOWN COFFEE HE HOUSTON TX,$13.25
UFCU CC,05/14/2020,PARTSWAREHOUSE.COM 866-243-2721 TX,$48.31
UFCU CC,05/15/2020,FOOD TOWN 006 HOUSTON TX,$7.02
UFCU CC,05/15/2020,FREDDY'S 26-0015 NEW CANEY TX,$7.46
UFCU CC,12/15/2019,JOB * TRIFECTA LOCK VIEWINVOICE.C CA,$100.00
UFCU CC,12/16/2019,LAZ PARKING 610317 - LUKE HOUSTON TX,$5.00
UFCU CC,12/16/2019,LA FINCA- FULSHEAR - KATY TX,$49.09
UFCU CC,12/16/2019,SHELL OIL 57545599102 FULSHEAR TX,$32.59
UFCU CC,12/16/2019,SSA HERMAN PARK CONSERV HOUSTON TX,$22.00
UFCU CC,12/17/2019,RODNEY S CIGAR AND LIQU SACRAMENTO CA,$14.05
UFCU CC,12/17/2019,FLEET FEET SACRAMENTO CA,$141.38
UFCU CC,12/17/2019,IAH TRIP ADVISOR SHOP HOUSTON TX,$8.68
UFCU CC,12/17/2019,MOES SOUTHWEST GRILL - LAS VEGAS NV,$14.70
UFCU CC,12/17/2019,FRONTIER ONBOARD DENVER CO,$2.99
UFCU CC,12/17/2019,IN * JIMMYS BARBER GARAG SACRAMENTO CA,$48.00
UFCU CC,12/17/2019,SQ * MAX REFLECTION 877-417-4551 TX,$480.00
UFCU CC,12/18/2019,DOWNTOWN MAIL AND SHIPP SACRAMENTO CA,$45.00
UFCU CC,12/18/2019,RODNEY S CIGAR AND LIQU SACRAMENTO CA,$3.75
UFCU CC,12/19/2019,CALIFORNIA STATE RAILRO SACRAMENTO CA,$66.29
UFCU CC,12/19/2019,NAMASTE DELI SACRAMENTO CA,$12.86
UFCU CC,12/19/2019,SWA INFLIGHT WIFI 800-435-9792 CA,$8.00
UFCU CC,12/20/2019,TONYS MEXICAN RESTAURAN HOUSTON TX,$44.73
UFCU CC,12/20/2019,SUMMIT DONUTS HOUSTON TX,$9.51
UFCU CC,12/20/2019,SQ * MAX REFLECTION 877-417-4551 TX,$320.00
UFCU CC,12/21/2019,SUMMIT DONUTS HOUSTON TX,$8.04
UFCU CC,12/22/2019,ACADEMY SPORTS # 35 HOUSTON TX,$64.35
UFCU CC,12/22/2019,EL RANCHO # 34 HOUSTON TX,$9.72
UFCU CC,12/22/2019,EL RANCHO # 34 HOUSTON TX,$4.31
UFCU CC,12/22/2019,EL RANCHO # 34 HOUSTON TX,$12.98
UFCU CC,12/23/2019,CIVIC LIQUOR & WINE HOUSTON TX,$64.58
UFCU CC,12/23/2019,SPANISH FLOWERS RESTAUR HOUSTON TX,$66.87
UFCU CC,12/23/2019,SURFSIDE FOOD MART FREEPORT TX,$5.72
UFCU CC,12/24/2019,MACSTADIUM 877-250-3497 GA,$99.00
UFCU CC,12/25/2019,HOUSTON ARBORETUM NATUR HOUSTON TX,$2.35
UFCU CC,12/27/2019,BASKIN # 355682 HOUSTON TX,$11.29
UFCU CC,12/27/2019,FRATELLI'S RISTORANTE HOUSTON TX,$54.47
UFCU CC,01/07/2020,TST * GOODE COMPANY KITC HOUSTON TX,$96.20
UFCU CC,01/07/2020,MCDONALD'S F20638 HOUSTON TX,$3.56
UFCU CC,01/07/2020,PANDA EXPRESS 1554 HOUSTON TX,$10.07
UFCU CC,01/07/2020,SMOOTHIES & SUPPS # 3 877-6804223 TX,$2.50
UFCU CC,01/07/2020,IN * BIOSWEEP OF WEST HO 281-9619571 TX,$350.88
UFCU CC,01/08/2020,BLINK WEB # 996 8663586300 NY,$0.01
UFCU CC,01/08/2020,SQ * TORNADO TACO HOUSTON TX,$12.97
UFCU CC,01/08/2020,BONES 2 GO INC JERSEY VILLAG TX,$169.95
UFCU CC,01/08/2020,WAN FU CAFE HOUSTON TX,$26.57
UFCU CC,01/08/2020,TIA MARIA MEXICAN RESTA HOUSTON TX,$25.86
UFCU CC,01/08/2020,SQ * KIM CHAU RESTAU HOUSTON TX,$23.26
UFCU CC,01/09/2020,MCREED FORD 281-337-1529 TX,$271.54
UFCU CC,01/09/2020,SPARKLES SPRING BRANCH HOUSTON TX,$45.00
UFCU CC,01/09/2020,SWIFT FOOD MART HOUSTON TX,$37.14
UFCU CC,01/11/2020,PHILLIPS 66 - QMART 8 DICKINSON TX,$54.90
UFCU CC,01/12/2020,WHOLEFDS KIR 10115 HOUSTON TX,$208.30
UFCU CC,01/12/2020,HOUSTON GALLERIA HOUSTON TX,$10.00
UFCU CC,01/13/2020,WHATABURGER 933 Q26 LEAGUE CITY TX,$9.45
UFCU CC,01/13/2020,SSA HOUSTON ZOO HOUSTON TX,$24.90
UFCU CC,01/13/2020,HOUSTON ZOO- ADMISSION HOUSTON TX,$71.25
UFCU CC,01/13/2020,CHAPULTEPEC LUPITA HOUSTON TX,$77.51
UFCU CC,01/13/2020,IPHONE CITIZ * PMT 24 OF 888-2016306 CT,$56.32
UFCU CC,01/13/2020,TAQUERIA ARANDAS 4 HOUSTON TX,$8.21
UFCU CC,01/14/2020,KROGER # 346 HOUSTON TX,$2.87
UFCU CC,01/14/2020,KROGER # 346 HOUSTON TX,$25.91
UFCU CC,01/14/2020,PETCO # 5408 63554083 HOUSTON TX,$23.80
UFCU CC,01/14/2020,SQ * KIM CHAU RESTAU HOUSTON TX,$33.58
UFCU CC,01/14/2020,STEAMBOAT AMPS HOUSTON TX,$64.95
UFCU CC,01/14/2020,STEAMBOAT AMPS HOUSTON TX,$37.89
UFCU CC,01/15/2020,KROGER # 346 HOUSTON TX,$2.87
UFCU CC,01/15/2020,MCDONALD'S F20638 HOUSTON TX,$3.45
UFCU CC,01/15/2020,SQ * PURA COFFEE HOUSTON TX,$8.54
UFCU CC,01/15/2020,TAQUERIA ARANDAS 4 HOUSTON TX,$7.40
UFCU CC,01/15/2020,PHILLIPS 66 - QMART 8 DICKINSON TX,$14.58
UFCU CC,01/16/2020,SWIFT FOOD MART HOUSTON TX,$37.41
UFCU CC,01/16/2020,TAQUERIA ARANDAS 4 HOUSTON TX,$15.14
UFCU CC,01/17/2020,KROGER # 346 HOUSTON TX,$2.87
UFCU CC,01/17/2020,TST * ANONYMOUS EATS HOUSTON TX,$42.20
UFCU CC,01/17/2020,TST * ANONYMOUS EATS HOUSTON TX,$4.79
UFCU CC,01/17/2020,TST * ANONYMOUS EATS HOUSTON TX,$8.85
UFCU CC,01/17/2020,BCM KIRBY 3701 7137981900 TX,$20.00
UFCU CC,01/17/2020,TAQUERIA ARANDAS 4 HOUSTON TX,$7.40
UFCU CC,01/17/2020,SQ * KIM CHAU RESTAU HOUSTON TX,$8.41
UFCU CC,01/18/2020,KROGER # 396 HOUSTON TX,$20.00
UFCU CC,01/18/2020,KROGER # 396 HOUSTON TX,$16.99
UFCU CC,01/18/2020,STARBUCKS STORE 26009 HOUSTON TX,$2.87
UFCU CC,01/19/2020,RUDYS STORE # 212 HOUSTON TX,$4.96
UFCU CC,01/19/2020,TARGET 00008581 HOUSTON TX,$96.91
UFCU CC,01/20/2020,SQ * KIM CHAU RESTAU HOUSTON TX,$32.28
UFCU CC,01/20/2020,KFC C521024 HOUSTON TX,$2.70
UFCU CC,01/20/2020,BIG CITY WINGS - MARQE HOUSTON TX,$7.22
UFCU CC,01/20/2020,BIG CITY WINGS - MARQE HOUSTON TX,$18.70
UFCU CC,01/20/2020,THE HOME DEPOT # 6525 HOUSTON TX,$8.57
UFCU CC,01/21/2020,KROGER # 346 HOUSTON TX,$2.87
UFCU CC,01/21/2020,KROGER # 346 HOUSTON TX,$27.01
UFCU CC,01/21/2020,MCDONALD'S F20638 HOUSTON TX,$3.23
UFCU CC,01/21/2020,MCDONALD'S F20638 HOUSTON TX,$4.32
UFCU CC,01/21/2020,BONES 2 GO INC JERSEY VILLAG TX,$169.95
UFCU CC,01/21/2020,BONES 2 GO INC JERSEY VILLAG TX,$9.74
UFCU CC,01/22/2020,KROGER # 346 HOUSTON TX,$9.90
UFCU CC,01/22/2020,KROGER # 346 HOUSTON TX,$6.01
UFCU CC,01/22/2020,0255 AMC STUDIO 30 - HOU HOUSTON TX,$15.13
UFCU CC,01/22/2020,0255 AMC STUDIO 30 - HOU HOUSTON TX,$9.19
UFCU CC,01/23/2020,5322 VILLA FRESH ITALI 281-6444826 TX,$9.85
UFCU CC,01/24/2020,MACSTADIUM 877-250-3497 GA,$99.00
UFCU CC,01/31/2020,BLINK # 713 HOUSTON TX,$42.00
UFCU CC,02/01/2020,"Recurring Purchase Bill Payment # 003229083926 BLINK MOTO
# 713 866-358-6300 TX",$16.24
UFCU CC,02/17/2020,HICKORY HOLLOW RESTAURA HOUSTON TX,$6.15
UFCU CC,02/17/2020,TARGET 00008581 HOUSTON TX,$38.94
UFCU CC,02/17/2020,SUBWAY 00075499 HOUSTON TX,$5.40
UFCU CC,02/18/2020,MI SOMBRERO HOUSTON TX,$32.30
UFCU CC,02/18/2020,BRAZOSPRT REG HEALTH SY 979-415-2212 TX,$205.29
UFCU CC,02/18/2020,G AND G MODEL SHOP INC HOUSTON TX,$27.06
UFCU CC,02/18/2020,SQ * CENTRAL CITY CO - OP gosq.com TX,$77.75
UFCU CC,02/18/2020,SWIFT FOOD MART HOUSTON TX,$48.72
UFCU CC,02/19/2020,KROGER # 346 HOUSTON TX,$7.20
UFCU CC,02/19/2020,SWIFT FOOD MART HOUSTON TX,$32.71
UFCU CC,02/19/2020,WALGREENS # 7530 HOUSTON TX,$39.54
UFCU CC,02/19/2020,MELLOW MUSHROOM # 214 HOUSTON TX,$6.41
UFCU CC,02/19/2020,MELLOW MUSHROOM OLO # 21 olo.com TX,$39.75
UFCU CC,02/19/2020,TAQUERIA ARANDAS 4 HOUSTON TX,$12.81
UFCU CC,02/20/2020,H - E - B ONLINE 800-987-4438 TX,$154.00
UFCU CC,02/21/2020,EL TIEMPO CANTINA 290 HOUSTON TX,$68.34
UFCU CC,02/22/2020,CHEVRON 0381406 HEMPSTEAD TX,$33.66
UFCU CC,02/22/2020,SWIFT FOOD MART HOUSTON TX,$5.94
UFCU CC,02/22/2020,LOVES TRAVEL S00003756 HEARNE TX,$52.12
UFCU CC,02/22/2020,WENDY'S # 5617 WACO TX,$2.15
UFCU CC,02/23/2020,WHATABURGER 538 Q26 BELLMEAD TX,$15.83
UFCU CC,02/23/2020,BABE'S NRH LLC NORTH RICHLAN TX,$71.35
UFCU CC,02/23/2020,IN N OUT BURGER 273 HURST TX,$12.12
UFCU CC,02/24/2020,KROGER # 383 BRYAN TX,$29.13
UFCU CC,02/24/2020,KROGER # 383 BRYAN TX,$10.39
UFCU CC,02/24/2020,DFW AIRPORT PARKING DFW AIRPORT TX,$2.00
UFCU CC,02/24/2020,TACO CABANA 20273 BURLESON TX,$18.47
UFCU CC,02/24/2020,MACSTADIUM 877-250-3497 GA,$266.17
UFCU CC,02/24/2020,HALL'S DIAMOND SHAMROC COLLEYVILLE TX,$54.69
UFCU CC,02/25/2020,FORT WORTH ZOO - REV FORT WORTH TX,$16.00
UFCU CC,02/25/2020,FORT WORTH ZOO - REV FORT WORTH TX,$4.00
UFCU CC,02/25/2020,FORT WORTH ZOO PARKI FORT WORTH TX,$5.00
UFCU CC,02/25/2020,FORT WORTH ZOO BK FORT WORTH TX,$5.46
UFCU CC,02/25/2020,FORT WORTH ZOO - REV FORT WORTH TX,$10.81
UFCU CC,02/25/2020,FORT WORTH ZOO FOOD FORT WORTH TX,$3.52
UFCU CC,02/25/2020,SQ * KIM CHAU RESTAU HOUSTON TX,$16.05
UFCU CC,02/26/2020,KROGER # 346 HOUSTON TX,$25.67
UFCU CC,02/26/2020,SWIFT FOOD MART HOUSTON TX,$54.40
UFCU CC,02/26/2020,SWIFT FOOD MART HOUSTON TX,$5.94
UFCU CC,03/01/2020,"Recurring Purchase Bill Payment # 006123083909 BLINK MOTO
# 713 866-358-6300 TX",$16.24
UFCU CC,03/02/2020,LAZ PARKING 610317 - LUKE HOUSTON TX,$5.00
UFCU CC,03/03/2020,"Recurring Purchase Bill Payment # 006328083902 BLINK MOTO
# 713 866-358-6300 TX",$54.11
UFCU CC,03/09/2020,H - E - B ONLINE 800-987-4438 TX,$198.54
UFCU CC,03/12/2020,EXXONMOBIL 48030522 AUSTIN TX,$55.33
UFCU CC,03/14/2020,CVS / PHARMACY # 06294 HOUSTON TX,$399.32
UFCU CC,03/15/2020,SQ * CENTRAL CITY CO - OP gosq.com TX,$202.47
UFCU checking,12/01,"ACH BANK OF THE WEST
TYPE : IC PAYMENT ID : 2940475440
CO : BANK OF THE WEST",$512.83
UFCU checking,12/01,COURTESY PAY,$40.00
UFCU checking,12/01,"Internet Banking Transfer
From R. ERIK SWEDBER XXXXXXXXXX Share 0080
13660 to Tim - 6500 already paid",
UFCU checking,12/02,"ACH BCBS HEALTH HPS
TYPE : 8007928595 ID : 1361236610
CO : BCBS HEALTH HPS","$1,749.87"
UFCU checking,12/03,"ACH Green Mountain E
TYPE : 0271D ID : 4030360441
CO : Green Mountain E",$286.41
UFCU checking,12/03,"ACH FIRSTUNITEDBANK
TYPE : LOAN PMT ID : 1730222372
CO : FIRSTUNITEDBANK","$2,349.55"
UFCU checking,12/04,"ACH VENMO
TYPE : PAYMENT ID : 3264681992 CO : VENMO",$100.00
UFCU checking,"12/04
12/04","Debit Card Debit Card
SQ * CANDIDO SERRANO Houston TX",$6.50
UFCU checking,"12/05
12/04","Debit Card Debit Card
SQ * BLACK HOLE COFFEE H Houston TX",$30.74
UFCU checking,"12/06
12/04","Debit Card Debit Card
SSA HERMAN PARK CONSERV HOUSTON TX",$7.50
UFCU checking,12/07,"ACH PAYPAL
TYPE : INST XFER ID : PAYPALSI77
CO : PAYPAL","$2,000.00"
UFCU checking,12/11,"ACH SOFI PAYMENTS
TYPE : PL PYMT ID : 3452499527
CO : SOFI PAYMENTS","$2,682.80"
UFCU checking,"12/11
12/11","Debit Card Debit Card
SQ * MOJO COFFEE , LLC Burnet TX",$6.75
UFCU checking,"12/12
12/11","Debit Card Debit Card
LEARNING EXPRESS TOYS O CYPRESS TX",$23.76
UFCU checking,"12/12
12/11","Debit Card Debit Card
TACO SHACK XI CEDAR PARK TX",$25.42
UFCU checking,"12/13
12/13","Debit Card Debit Card
Amazon.com * RK1M502U3 Amzn.com/bill WA",$359.29
UFCU checking,12/15,"ACH HCTRA EFT
TYPE : EZTAGSTPPD ID : 2746019451
CO : HCTRA EFT",$40.00
UFCU checking,12/15,"POS # 035018488163
SSA HOUSTON ZOO HOUSTON TX",$4.33
UFCU checking,12/15,"POS # 035024076843
SSA HOUSTON ZOO HOUSTON TX",$5.41
UFCU checking,12/15,Transfer To Loan 0050,$100.00
UFCU checking,"12/15
12/15","Debit Card Debit Card
Amazon Tips * FI7JZ1CV3 Amzn.com/bill WA",$10.00
UFCU checking,"12/15
12/15","Debit Card Debit Card
SQ * BLACK HOLE COFFEE H Houston TX",$21.04
UFCU checking,"12/16
12/15","Debit Card Debit Card
SSA HERMAN PARK CONSERV HOUSTON TX",$7.50
UFCU checking,"12/16
12/15","Debit Card Debit Card
HOUSTON ZOO- ADMISSION HOUSTON TX",$7.00
UFCU checking,12/17,Internet Banking Transfer To Loan 0002,$797.55
UFCU checking,12/18,"ACH BARCLAYCARD US
TYPE : CREDITCARD ID : 2510407970
CO : BARCLAYCARD US",$750.00
UFCU checking,12/21,"ACH USAA P & C
TYPE : AUTOPAY ID : USAA - PCBP CO : USAA P & C",$487.34
UFCU checking,12/21,"ACH USAA.COM PAYMNT
TYPE : CREDIT CRD ID : 122487129
CO : USAA.COM PAYMNT","$1,000.00"
UFCU checking,12/21,COURTESY PAY,$40.00
UFCU checking,12/31,"ACH NSF
In the amount $ 512.83 BANK OF THE WEST",$30.00
UFCU checking,"11/01
10/31","Debit Card Debit Card
KFC C521024 HOUSTON TX",$4.52
UFCU checking,11/02,"ACH BANK OF THE WEST
TYPE : IC PAYMENT ID : 2940475440
CO : BANK OF THE WEST",$512.83
UFCU checking,11/03,"ACH RANDALL E SWEDB
TYPE : P2P ID : 1770527921
CO : RANDALL E SWEDB",
UFCU checking,11/03,"ACH Green Mountain E
TYPE : 0271D ID : 4030360441
CO : Green Mountain E",$380.57
UFCU checking,11/03,"ACH BCBS HEALTH HPS
TYPE : 8007928595 ID : 1361236610
CO : BCBS HEALTH HPS","$1,641.95"
UFCU checking,11/04,"ACH CPENERGY ENTEX
TYPE : ENT ACH EB ID : 176051140D
CO : CPENERGY ENTEX",$23.24
UFCU checking,11/04,"POS # 030911395568
PETCO 469 HOUSTON TX",$17.30
UFCU checking,"11/06
11/04","Debit Card Debit Card
ARANDAS # 21 JERSEY VILLAG TX",$10.06
UFCU checking,11/06,"POS # 031100720585
LS * BIG BLUE WHA 237 W 19TH ST HOUSTON TX",$14.06
UFCU checking,"11/06
11/06","Debit Card Debit Card
SQ * CANDIDO SERRANO HOUSTON TX",$9.00
UFCU checking,"11/06
11/06","Debit Card Debit Card
SQ * BLACK HOLE COFFEE H Houston TX",$10.66
UFCU checking,11/06,"ACH FIRSTUNITEDBANK
TYPE : LOAN PMT ID : 1730222372
CO : FIRSTUNITEDBANK","$2,349.55"
UFCU checking,11/10,"Internet Banking Transfer
From R. ERIK SWEDBER XXXXXXXXXX Share 0080",
UFCU checking,"11/10
11/10","Debit Card Debit Card
SQ * BLACK HOLE COFFEE H Houston TX",$11.41
UFCU checking,11/10,"POS # 031586232800
FIESTA MART # 08 2323 WIRT RD HOUSTON TX",$19.57
UFCU checking,"11/11
11/10","Debit Card Debit Card
RICE - PARKING HOUSTON TX",$3.00
UFCU checking,11/12,"ACH PAYPAL
TYPE : INST XFER ID : PAYPALSI77
CO : PAYPAL",$74.00
UFCU checking,11/12,"ACH SOFI PAYMENTS
TYPE : PL PYMT ID : 3452499527
CO : SOFI PAYMENTS","$2,682.80"
UFCU checking,11/13,Internet Banking Transfer To Loan 0050,$55.00
UFCU checking,"11/14
11/12","Debit Card Debit Card
RANCHO S TAQUERIA DICKINSON TX",$13.89
UFCU checking,"11/15
11/15","Debit Card Debit Card
SQ * 7TACO HOUSTON TX",$13.37
UFCU checking,11/15,"POS # 032021253288
LS * BIG BLUE WHA 237 W HOUSTON TX",$27.32
UFCU checking,11/16,"ACH GUSTO
TYPE : EBV 124116 ID : 2453942850
CO : GUSTO",
UFCU checking,"11/16
11/16","Debit Card Debit Card
SQ * BLACK HOLE COFFEE H Houston TX",$11.41
UFCU checking,"11/17
11/15","Debit Card Debit Card
DAIRY QUEEN 14657 214-2886774 TX",$4.10
UFCU checking,11/17,"ACH HCTRA EFT
TYPE : EZTAGSTPPD ID : 2746019451
CO : HCTRA EFT",$40.00
UFCU checking,11/18,"ACH BARCLAYCARD US
TYPE : CREDITCARD ID : 2510407970
CO : BARCLAYCARD US",$150.00
UFCU checking,11/18,Internet Banking Transfer To Loan 0002,$797.55
UFCU checking,11/18,"Internet Banking Transfer
From R. ERIK SWEDBER XXXXXXXXXX Share 0080",
UFCU checking,11/18,"Internet Banking Transfer
TO CASTLE , WENDY XXXXXXXXXX Share 0080","$1,000.00"
UFCU checking,11/19,"ACH USAA P & C
TYPE : AUTOPAY ID : USAA - PCBP CO : USAA P & C",$467.41
UFCU checking,11/19,"ACH USAA.COM PAYMNT
TYPE : CREDIT CRD ID : 122487129
CO : USAA.COM PAYMNT",$750.00
UFCU checking,11/19,"Internet Banking Transfer
From R. ERIK SWEDBER XXXXXXXXXX Share 0080",
UFCU checking,11/20,"ACH CITY OF HOUSTON
TYPE : WATER BILL ID : 6746001164
CO : CITY OF HOUSTON",$266.32
UFCU checking,10/01,"Internet Banking Transfer
TO CASTLE , WENDY XXXXXXXXXX Share 0080","$1,530.00"
UFCU checking,10/02,"ACH ATT
TYPE : Payment ID : 9864031005 CO : ATT",$276.45
UFCU checking,10/02,"ACH Green Mountain E
TYPE : 0271D ID : 4030360441
CO : Green Mountain E",$363.59
UFCU checking,10/02,"ACH BankoftheWest
TYPE : BOWLOANPAY ID : 6940475440
CO : BankoftheWest",$512.83
UFCU checking,"10/02
10/02","Debit Card Debit Card
TST * TACOS A GO GO - JE HOUSTON TX",$9.54
UFCU checking,10/02,"ACH FIRSTUNITEDBANK
TYPE : LOAN PMT ID : 1730222372
CO : FIRSTUNITEDBANK","$2,349.55"
UFCU checking,10/05,"ACH CPENERGY ENTEX
TYPE : ENT ACH EB ID : 176051140D
CO : CPENERGY ENTEX",$23.24
UFCU checking,10/09,Internet Banking Transfer To Loan 0050,$390.00
UFCU checking,10/13,"ACH BARCLAYCARD US
TYPE : CREDITCARD ID : 2510407970
CO : BARCLAYCARD US",$390.00
UFCU checking,10/13,"ACH USAA.COM PAYMNT
TYPE : CREDIT CRD ID : 122487129
CO : USAA.COM PAYMNT",$390.00
UFCU checking,10/13,"ACH PAYPAL
TYPE : INST XFER ID : PAYPALSI77
CO : PAYPAL","$1,123.76"
UFCU checking,10/13,"ACH SOFI PAYMENTS
TYPE : PL PYMT ID : 3452499527
CO : SOFI PAYMENTS","$2,682.80"
UFCU checking,10/14,"at ATM # 028800006497
SWIFT MART -K168606 2047 WIRT RD HOUSTON
TX LK168606",$22.75
UFCU checking,10/14,"Non UFCU ATM Fee
SWIFT MART -K168606 2047 WIRT RD HOUSTON
TX LK168606",$1.00
UFCU checking,10/18,Internet Banking Transfer To Loan 0002,$797.55
UFCU checking,10/19,"at ATM # 029320478690
CHASE 2305 WIRT RD HOUSTON TX TX6394",$103.00
UFCU checking,10/19,"Non UFCU ATM Fee
CHASE 2305 WIRT RD HOUSTON TX TX6394",$1.00
UFCU checking,10/20,"ACH USAA P & C
TYPE : AUTOPAY ID : USAA - PCBP CO : USAA P & C",$467.41
UFCU checking,10/24,"POS # 029800300944
KROGER # 346 HOUSTON HOUSTON TX",$9.31
UFCU checking,"10/25
10/24","Debit Card Debit Card
DAIRY QUEEN # 45290 KATY TX",$6.04
UFCU checking,10/25,"POS # 029953459600
SWIFT MART 2047 WIRT 2047 WIRT ROAD
HOUSTON TX",$56.50
UFCU checking,"10/25
10/25","Debit Card Debit Card
SQ * BLACK HOLE COFFEE H Houston TX",$10.87
UFCU checking,"10/26
10/24","Debit Card Debit Card
CHICK - FIL - A # 03809 HOUSTON TX",$13.90
UFCU checking,"10/26
10/25","Debit Card Debit Card
SSA HERMAN PARK CONSERV HOUSTON TX",$8.00
UFCU checking,"10/26
10/25","Debit Card Debit Card
SSA HERMAN PARK CONSERV HOUSTON TX",$8.00
UFCU checking,10/27,"ACH HCTRA EFT
TYPE : EZTAGSTPPD ID : 2746019451
CO : HCTRA EFT",$40.00
UFCU checking,"10/27
10/27","Debit Card Debit Card
TST * TACOS A GO GO - JE HOUSTON TX",$9.87
UFCU checking,10/28,"POS # 030254072331
NNT POPEYES 11686 631959 8120 N SAM
HOUSTON PKWY HOUSTON TX",$4.32
UFCU checking,10/29,"ACH ATT
TYPE : Payment ID : 9864031005 CO : ATT",$276.45
UFCU checking,"10/29
10/29","Debit Card Debit Card
TST * RUDY S COUNTRY STO HOUSTON TX",$12.13
UFCU checking,"10/30
10/28","Debit Card Debit Card
PHO BO HOUSTON TX",$26.60
UFCU checking,"10/30
10/29","Debit Card Debit Card
TST * SLOWPOKES - SPRING HOUSTON TX",$8.00
UFCU checking,10/30,"POS # 030482680600
STAR STOP 103 SEC OF ANTOINE DRIVE AN
HOUSTON TX",$4.33
UFCU checking,"10/30
10/30","Debit Card Debit Card
SQ * BLACK HOLE COFFEE H Houston TX",$12.68
UFCU checking,"10/31
10/29","Debit Card Debit Card
GALVESTON RAILROAD MUSE GALVESTON TX",$14.02
UFCU checking,"10/31
10/30","Debit Card Debit Card
GALVESTON RAILROAD MUS 409-765-5700 TX",$15.00
UFCU checking,09/01,"ACH BANK OF THE WEST
TYPE : IC PAYMENT ID : 2940475440
CO : BANK OF THE WEST",$512.83
UFCU checking,09/01,"ACH ADVENTURE UP OVE
TYPE : SALE ID : 9215986202
CO : ADVENTURE UP OVE","$1,331.48"
UFCU checking,09/02,"ACH HCTRA EFT
TYPE : EZTAGSTPPD ID : 2746019451
CO : HCTRA EFT",$40.00
UFCU checking,09/02,"ACH ATT
TYPE : Payment ID : 9864031005 CO : ATT",$276.45
UFCU checking,09/02,"ACH BCBS HEALTH HPS
TYPE : 8007928595 ID : 1361236610
CO : BCBS HEALTH HPS","$1,749.87"
UFCU checking,09/02,"ACH FIRSTUNITEDBANK
TYPE : LOAN PMT ID : 1730222372
CO : FIRSTUNITEDBANK","$2,349.55"
UFCU checking,09/03,"ACH CPENERGY ENTEX
TYPE : ENT ACH EB ID : 176051140D
CO : CPENERGY ENTEX",$22.05
UFCU checking,09/10,"ACH CITY OF HOUSTON
TYPE : WATER BILL ID : 6746001164
CO : CITY OF HOUSTON",$86.14
UFCU checking,09/11,"ACH NAVI ED SERV WEB
TYPE : STUDNTLOAN ID : 9102001102
CO : NAVI ED SERV WEB","$1,316.45"
UFCU checking,09/11,"ACH SOFI PAYMENTS
TYPE : PL PYMT ID : 3452499527
CO : SOFI PAYMENTS","$2,682.80"
UFCU checking,09/11,"Shared Branch # 226368
University FCU Mobile Deposit University
FC TX",
UFCU checking,09/11,Internet Banking Transfer To Loan 0050,"$2,298.07"
UFCU checking,09/13,"Bill Payment # 025626102467
Garmin Services Inc. 800-5112459 ME",$27.96
UFCU checking,09/15,"Bill Payment # 025824102589
Garmin Services Inc. 800-5112459 ME",$24.95
UFCU checking,"09/15
09/14","Debit Card Debit Card
FIVE GUYS TX 1199 QSR HOUSTON TX",$37.97
UFCU checking,"09/15
09/15","Debit Card Debit Card
SQ * BLACK HOLE COFFEE H Houston TX",$12.66
UFCU checking,"09/17
09/15","Debit Card Debit Card
WASHINGTON HEIGHTS VET HOUSTON TX",$38.00
UFCU checking,"09/17
09/17","Debit Card Debit Card
PINKERTONS BARBECUE clover.com TX",$42.17
UFCU checking,09/18,Internet Banking Transfer To Loan 0002,$797.55
UFCU checking,"09/19
09/18","Debit Card Debit Card
SQ * BLACK HOLE COFFEE H Houston TX",$14.10
UFCU checking,"09/19
09/19","Debit Card Debit Card
SQ * PAN DE TACO gosq.com TX",$29.58
UFCU checking,09/19,POS # 026318166823,$20.25
UFCU checking,09/19,"CHEVRON / E - Z STOP # 7 - L LA GRANGE TX
POS # 026318364485
CHEVRON / E - Z STOP # 7 - L LA GRANGE TX",$32.15
UFCU checking,09/20,"POS # 026411277916
O'REILLY AUTO PARTS 636 BURNET TX",$10.70
UFCU checking,"09/20
09/20","Debit Card Debit Card
STARBUCKS STORE 13816 CEDAR PARK TX",$12.95
UFCU checking,09/20,"POS # 026482722500
KWIK CHEK # 52 1003 HWY 1431 W MARBLE FALLS
TX",$18.82
UFCU checking,"09/20
09/20","Debit Card Debit Card
GUDE'S BAKERY AND DELI BURNET TX",$21.74
UFCU checking,"09/21
09/19","Debit Card Debit Card
CHICK - FIL - A # 01801 HOUSTON TX",$23.02
UFCU checking,"09/21
09/20","Debit Card Debit Card
CASTELL GENERAL STORE CASTELL TX",$85.25
UFCU checking,"09/21
09/20","Debit Card Debit Card
HIDDEN FALLS ADVENTURE MARBLE FALLS TX",$40.00
UFCU checking,09/21,"ACH USAA P & C EXT
TYPE : AUTOPAY ID : USAA - PC
CO : USAA P & C EXT",$373.81
UFCU checking,09/21,"POS # 026575099200
SUNOCO 0307947200 200 HWY 71 E LLANO TX",$8.57
UFCU checking,"09/21
09/21","Debit Card Debit Card
SQ * CHEMN CAFE LLC ELGIN TX",$3.25
UFCU checking,"09/21
09/21","Debit Card Debit Card
SQ * CHEMN CAFE LLC ELGIN TX",$11.64
UFCU checking,"09/22
09/21","Debit Card Debit Card
FRATELLI'S RISTORANTE HOUSTON TX",$60.23
UFCU checking,"09/22
09/21","Debit Card Debit Card
FUEL COFFEE HOUSE LLANO TX",$6.00
UFCU checking,09/23,"POS # 026707256200
SWIFT MART 2047 WIRT 2047 WIRT ROAD
HOUSTON TX",$30.01
UFCU checking,"09/23
09/23","Debit Card Debit Card
SQ * SOFYS TAQUERIA SPRING TX",$10.00
UFCU checking,"09/24
09/23","Debit Card Debit Card
DIY CAR WASH SPRING TX",$7.25
UFCU checking,"09/25
09/24","Debit Card Debit Card
TST * SLOWPOKES - SPRING HOUSTON TX",$8.50
UFCU checking,"09/25
09/24","Debit Card Debit Card
BASKIN # 355682 HOUSTON TX",$8.18
UFCU checking,09/25,"POS # 026917258011
SPECS # 15 25044 I H 45 SPRING TX",$75.45
UFCU checking,"09/26
09/26","Debit Card Debit Card
SQ * BLACK HOLE COFFEE H Houston TX",$15.18
UFCU checking,"09/27
09/26","Debit Card Debit Card
SSA HERMAN PARK CONSERV HOUSTON TX",$5.41
UFCU checking,09/29,"ACH HCTRA EFT
TYPE : EZTAGSTPPD ID : 2746019451
CO : HCTRA EFT",$40.00
UFCU checking,"09/29
09/29","Debit Card Debit Card
TST * TACOS A GO GO - JE HOUSTON TX",$12.50
UFCU checking,"09/30
09/30","ACH NSF
In the amount $ 512.83 BANK OF THE WEST
Ending Balance",$30.00
UFCU checking,08/03,"ACH BCBS HEALTH HPS
TYPE : 8007928595 ID : 1361236610
CO : BCBS HEALTH HPS","$1,749.87"
UFCU checking,08/06,"ACH FIRSTUNITEDBANK
TYPE : LOAN PMT ID : 1730222372
CO : FIRSTUNITEDBANK","$2,349.55"
UFCU checking,08/06,"ACH PAYPAL
TYPE : INST XFER ID : PAYPALSI77
CO : PAYPAL","$3,223.38"
UFCU checking,08/06,"POS # 022000002825
WALGREENS STORE 1413 WI HOUSTON TX",$1.83
UFCU checking,"08/07
08/06","Debit Card Debit Card
DOMINO'S 6649 HOUSTON TX",$6.48
UFCU checking,"08/08
08/06","Debit Card Debit Card
FRATELLI'S RISTORANTE HOUSTON TX",$71.97
UFCU checking,08/08,"POS # 022119511338
CVS / PHARMACY # 06 06726- Houston TX",$35.56
UFCU checking,08/08,"POS # 022119041547
CVS / PHARMACY # 06 06726- Houston TX",$48.42
UFCU checking,"08/09
08/08","Debit Card Debit Card
KFC C521024 HOUSTON TX",$4.09
UFCU checking,"08/10
08/09","Debit Card Debit Card
MCDONALD'S F25405 MONTGOMERY TX",$8.95
UFCU checking,"08/10
08/09","Debit Card Debit Card
MCDONALD'S F25725 HOUSTON TX",$3.44
UFCU checking,"08/11
08/09","PHO BO HOUSTON TX
Debit Card Debit Card",$38.04
UFCU checking,08/11,"ACH CITY OF HOUSTON
TYPE : WATER BILL ID : 6746001164
CO : CITY OF HOUSTON",$150.91
UFCU checking,08/11,"ACH SOFI PAYMENTS
TYPE : PL PYMT ID : 3452499527
CO : SOFI PAYMENTS","$2,682.80"
UFCU checking,08/12,"POS # 022531382600
SURFSIDE FOOD MART 111 FORT VELASCO DR
FREEPORT TX",$18.86
UFCU checking,08/13,Internet Banking Transfer To Loan 0050,"$1,200.00"
UFCU checking,"08/13
08/12","Debit Card Debit Card
STARBUCKS STORE 21872 LAKE JACKSON TX",$16.45
UFCU checking,"08/13
08/12","Debit Card Debit Card
NORTHERN TOOL EQUIP TX HOUSTON TX",$14.06
UFCU checking,08/14,Internet Banking Transfer To Loan 0050,$304.17
UFCU checking,08/14,Internet Banking Transfer To Loan 0002,$797.55
UFCU checking,08/14,"Internet Banking Transfer
TO CASTLE , WENDY XXXXXXXXXX Share 0080","$1,000.00"
UFCU checking,08/17,"TYPE : 0271D ID : 4030360441
CO : Green Mountain E
ACH Green Mountain E",$362.42
UFCU checking,08/18,Debit Card Debit Card,$6.26
UFCU checking,08/17,MCDONALD'S F20638 HOUSTON TX,
UFCU checking,08/18,"ACH USAA.COM PAYMNT
TYPE : CREDIT CRD ID : 122487129
CO : USAA.COM PAYMNT","$3,600.00"
UFCU checking,08/19,"ACH USAA P & C EXT
TYPE : AUTOPAY ID : USAA - PC
CO : USAA P & C EXT",$467.41
UFCU checking,"08/25
08/24","Debit Card Debit Card
BLINK WEB # 996 8663586300 NY",$20.43
UFCU checking,08/28,"Internet Banking Transfer
To R. ERIK SWEDBERG XXXXXXXXXX Share 0080",$200.00
UFCU checking,"08/30
08/29","Debit Card Debit Card
SOUND EXCHANGE HOUSTON TX",$32.46
UFCU checking,"08/31
08/29","Debit Card Debit Card
SPANISH VILLAGE RESTAUR HOUSTON TX",$18.64
UFCU checking,"08/31
08/29","Debit Card Debit Card
WHATABURGER 1165 MAGNOLIA TX",$8.31
UFCU checking,"08/31
08/30","Debit Card Debit Card
ACT CITYOFHOUSTON HOUSTON TX",$6.00
UFCU checking,07/01,"Internet Banking Transfer
TO CASTLE , WENDY XXXXXXXXXX Share 0080","$1,000.00"
UFCU checking,07/02,"ACH Green Mountain E
TYPE : 0271D ID : 4030360441
CO : Green Mountain E",$275.88
UFCU checking,07/02,"ACH ATT
TYPE : Payment ID : 9864031005 CO : ATT",$292.75
UFCU checking,07/02,"ACH BCBS HEALTH HPS
TYPE : 8007928595 ID : 1361236610
CO : BCBS HEALTH HPS","$1,749.87"
UFCU checking,07/02,"ACH FIRSTUNITEDBANK
TYPE : LOAN PMT ID : 1730222372
CO : FIRSTUNITEDBANK","$2,349.55"
UFCU checking,07/03,"ACH CPENERGY ENTEX
TYPE : ENT ACH EB ID : 176051140D
CO : CPENERGY ENTEX",$23.50
UFCU checking,07/06,"ACH VENMO
TYPE : PAYMENT ID : 3264681992 CO : VENMO",$80.00
UFCU checking,07/06,"CO : BankoftheWest
ACH BankoftheWest
TYPE : BOWLOANPAY ID : 6940475440",$512.83
UFCU checking,07/07,"ACH VENMO
TYPE : PAYMENT ID : 3264681992 CO : VENMO",$175.00
UFCU checking,07/10,"Internet Banking Transfer
From R. ERIK SWEDBER XXXXXXXXXX Share 0080",
UFCU checking,07/13,"ACH USAA.COM PAYMNT
TYPE : CREDIT CRD ID : 122487129
CO : USAA.COM PAYMNT",$800.00
UFCU checking,07/13,"ACH PAYPAL
TYPE : INST XFER ID : PAYPALSI77
CO : PAYPAL","$1,200.00"
UFCU checking,07/13,"ACH NAVI ED SERV WEB
TYPE : STUDNTLOAN ID : 9102001102
CO : NAVI ED SERV WEB","$1,316.45"
UFCU checking,07/13,"ACH SOFI PAYMENTS
TYPE : PL PYMT ID : 3452499527
CO : SOFI PAYMENTS","$2,682.80"
UFCU checking,07/20,"ACH RANDALL E SWEDB
TYPE : P2P ID : 1770527921
CO : RANDALL E SWEDB",
UFCU checking,07/20,Internet Banking Transfer To Loan 0002,$797.55
UFCU checking,07/21,"ACH USAA P & C EXT
TYPE : AUTOPAY ID : USAA - PC
CO : USAA P & C EXT",$464.53
UFCU checking,07/22,"Internet Banking Transfer
From R. ERIK SWEDBER XXXXXXXXXX Share 0080",
UFCU checking,07/22,"Internet Banking Transfer
TO CASTLE , WENDY XXXXXXXXXX Share 0080","$1,000.00"
UFCU checking,07/23,"ACH ATT
TYPE : Payment ID : 9864031005 CO : ATT",$292.76
UFCU checking,07/23,"ACH Green Mountain E
CO : Green Mountain E
TYPE : 0271D ID : 4030360441",$309.02
UFCU checking,07/23,ACH NAVI ED SERV WEB,"$1,316.45"
UFCU checking,07/24,"ACH CPENERGY ENTEX
TYPE : ENT ACH EB ID : 176051140D
CO : CPENERGY ENTEX",$23.88
UFCU checking,07/24,"POS # 020615606984
LOVES CNTRY ST EL PASO TX",$60.00
UFCU checking,07/25,"at ATM # 044402075039
BBVA USA 225 E IDAHO LAS CRUCES NM 0444",$224.00
UFCU checking,07/25,"Non UFCU ATM Fee
BBVA USA 225 E IDAHO LAS CRUCES NM 0444",$1.00
UFCU checking,07/31,"ACH BANK OF THE WEST
TYPE : IC PAYMENT ID : 2940475440
CO : BANK OF THE WEST",$512.83
UFCU checking,06/01,"ACH Green Mountain E
TYPE : 0271D ID : 4030360441
CO : Green Mountain E",$192.98
UFCU checking,06/01,"ACH ATT
TYPE : Payment ID : 9864031005 CO : ATT",$270.26
UFCU checking,06/01,"ACH WELLS FARGO AUTO
TYPE : FEE & PMTS ID : 9330291646
CO : WELLS FARGO AUTO",$397.67
UFCU checking,06/02,"ACH CPENERGY ENTEX
TYPE : ENT ACH EB ID : 176051140D
CO : CPENERGY ENTEX",$26.94
UFCU checking,06/02,"ACH BANK OF THE WEST
TYPE : IC PAYMENT ID : 2940475440
CO : BANK OF THE WEST",$512.83
UFCU checking,06/02,"ACH BCBS HEALTH HPS
TYPE : 8007928595 ID : 1361236610
CO : BCBS HEALTH HPS","$1,749.87"
UFCU checking,06/02,"Internet Banking Transfer bill pay advance .
From R. ERIK SWEDBER XXXXXXXXXX Share 0080",
UFCU checking,"06/03
06/02","Debit Card Debit Card
STAR PIZZA - 2 HOUSTON TX",$62.49
UFCU checking,06/03,"ACH PAYPAL
TYPE : INST XFER ID : PAYPALSI77
CO : PAYPAL",$299.00
UFCU checking,06/03,"ACH FIRSTUNITEDBANK
TYPE : LOAN PMT ID : 1730222372
CO : FIRSTUNITEDBANK","$2,349.55"
UFCU checking,06/04,"Internet Banking Transfer
From R. ERIK SWEDBER XXXXXXXXXX Share 0080",
UFCU checking,06/04,"Internet Banking Transfer
TO CASTLE , WENDY XXXXXXXXXX Share 0080",$300.00
UFCU checking,06/07,"Internet Banking Transfer
From R. ERIK SWEDBER XXXXXXXXXX Share 0080",
UFCU checking,06/08,"Internet Banking Transfer office rent
From R. ERIK SWEDBER XXXXXXXXXX Share 0080",
UFCU checking,06/08,Check 2104,"$1,025.00"
UFCU checking,06/10,"Internet Banking Transfer
From R. ERIK SWEDBER XXXXXXXXXX Share 0080",
UFCU checking,06/11,"ACH SOFI PAYMENTS
TYPE : PL PYMT ID : 3452499527
CO : SOFI PAYMENTS","$2,682.80"
UFCU checking,06/12,"Internet Banking Transfer CCs
From R. ERIK SWEDBER XXXXXXXXXX Share 0080",
UFCU checking,06/12,Internet Banking Transfer To Loan 0050,"$1,648.17"
UFCU checking,06/15,Internet Banking Transfer To Loan 0050,$157.83
UFCU checking,06/15,"at ATM # 016705789438
Wells Fargo Ban 13560 IH 10 EAST . Houston
TX 0903B",$103.00
UFCU checking,06/15,"Non UFCU ATM Fee
Wells Fargo Ban 13560 IH 10 EAST . Houston
TX 0903B",$1.00
UFCU checking,06/17,Check 2179,$144.00
UFCU checking,06/17,COURTESY PAY,$40.00
UFCU checking,06/17,Check 2211,$100.00
UFCU checking,06/17,COURTESY PAY,$40.00
UFCU checking,06/18,Internet Banking Transfer,
UFCU checking,06/18,"From R. ERIK SWEDBER XXXXXXXXXX Share 0080
Internet Banking Transfer
From R. ERIK SWEDBER XXXXXXXXXX Share 0080",
UFCU checking,06/18,"Internet Banking Transfer
From R. ERIK SWEDBER XXXXXXXXXX Share 0080",
UFCU checking,06/19,"ACH USAA P & C EXT
TYPE : AUTOPAY ID : USAA - PC
CO : USAA P & C EXT",$371.31
UFCU checking,06/19,"ACH USAA.COM PAYMNT
TYPE : CREDIT CRD ID : 122487129
CO : USAA.COM PAYMNT","$4,226.05"
UFCU checking,06/22,"ACH CITY OF HOUSTON
TYPE : WATER BILL ID : 6746001164
CO : CITY OF HOUSTON",$255.14
UFCU checking,06/22,"Internet Banking Transfer
From R. ERIK SWEDBER XXXXXXXXXX Share 0080",
UFCU checking,06/26,"ACH HCTRA EFT
TYPE : EZTAGSTPPD ID : 2746019451
CO : HCTRA EFT",$40.00
UFCU checking,06/26,COURTESY PAY,$40.00
UFCU checking,06/30,"ACH NSF
In the amount $ 512.83 BANK OF THE WEST",$30.00
UFCU checking,03/01,"POS # 006123665400
SWIFT FOOD MART 2047 WIRT RD #A HOUSTON TX",$34.04
UFCU checking,03/02,"ACH PAYPAL
TYPE : INST XFER ID : PAYPALS177
CO : PAYPAL",$19.19
UFCU checking,03/02,"ACH HCTRA EFT
TYPE : EZTAGSTPPD ID : 2746019451
CO : HCTRA EFT",$40.00
UFCU checking,03/02,"ACH PAYPAL
TYPE : INST XFER ID : PAYPALSI77
CO : PAYPAL",$299.00
UFCU checking,03/02,"ACH BANK OF THE WEST
TYPE : IC PAYMENT ID : 2940475440
CO : BANK OF THE WEST",$512.83
UFCU checking,"03/03
03/02","Debit Card Debit Card
MCDONALD'S F20638 HOUSTON TX",$6.15
UFCU checking,"03/03
03/02","Debit Card Debit Card
MCDONALD'S F20638 HOUSTON TX",$5.62
UFCU checking,03/03,"Internet Banking Transfer
From R. ERIK SWEDBER XXXXXXXXXX Share 0080",
UFCU checking,"03/04
03/03","Debit Card Debit Card
FEDEX OFFIC21100021113 HOUSTON TX",$2.69
UFCU checking,"03/04
03/03","Debit Card Debit Card
FEDEX OFFIC21100021113 HOUSTON TX",$1.74
UFCU checking,"03/04
03/03","Debit Card Debit Card
CHIPOTLE 3129 HOUSTON TX",$11.53
UFCU checking,03/04,"ACH BCBS HEALTH HPS
TYPE : 8007928595 ID : 1361236610
CO : BCBS HEALTH HPS","$1,749.87"
UFCU checking,03/04,"ACH ALLY BANK
TYPE : $ TRANSFER ID : 3770527921
CO : ALLY BANK","$3,000.00"
UFCU checking,03/04,"POS # 006415322881
USPS PO 48018300 8000 L HOUSTON TX",$26.35
UFCU checking,03/04,"ACH FIRSTUNITEDBANK
TYPE : LOAN PMT ID : 1730222372
CO : FIRSTUNITEDBANK","$1,906.04"
UFCU checking,"03/05
03/04","Debit Card Debit Card
ARAMARK NRG STADIUM HOUSTON TX",$23.00
UFCU checking,"03/05
03/04","Debit Card Debit Card
ARAMARK NRG STADIUM HOUSTON TX",$24.50
UFCU checking,"03/05
03/04","Debit Card Debit Card
ARAMARK NRG STADIUM HOUSTON TX",$27.00
UFCU checking,"03/05
03/05","Debit Card Debit Card
YOAKUM PACKING CO . YOAKUM TX",$36.00
UFCU checking,"03/05
03/04","Debit Card Debit Card
MCDONALD'S F20638 HOUSTON TX",$3.45
UFCU checking,"03/05
03/04","Debit Card Debit Card
METRO TRANS HARRIS CTY 713-635-4000 TX",$3.75
UFCU checking,"03/05
03/05","Debit Card Debit Card
STUBHUB , INC . 866-788-2482 CA",$80.02
UFCU checking,"03/05
03/04","Debit Card Debit Card
ARAMARK NRG STADIUM HOUSTON TX",$40.50
UFCU checking,"03/05
03/04","Debit Card Debit Card
ARAMARK NRG STADIUM HOUSTON TX",$24.00
UFCU checking,"03/05
03/04","Debit Card Debit Card
ARAMARK NRG STADIUM HOUSTON TX",$48.00
UFCU checking,"03/05
03/04","Debit Card Debit Card
ARAMARK NRG STADIUM HOUSTON TX",$24.00
UFCU checking,03/05,"POS # 006574175015
OMO PAPA BEN'S TRAI381424 4007 BELLAIRE
BLVD HOUSTON TX",$27.06
UFCU checking,"03/05
03/04","Debit Card Debit Card
LAZ PARKING 610365 HOUSTON TX",$8.00
UFCU checking,"03/05
03/04","Debit Card Debit Card
RCS CARNIVAL LAVEEN AZ",$50.00
UFCU checking,"03/05
03/04","Debit Card Debit Card
RCS CARNIVAL LAVEEN AZ",$20.00
UFCU checking,"03/05
03/05","Debit Card Debit Card
CHAPULTEPEC LUPITA HOUSTON TX",$52.40
UFCU checking,03/05,"POS # 006523180974
BONES 2 GO INC JERSEY VILLAG TX",$65.84
UFCU checking,03/05,Check 2219,$450.00
UFCU checking,"03/05
03/05","Debit Card Debit Card
FIRST WATCH - 283 HOUSTON TX",$43.86
UFCU checking,"03/06
03/04","Debit Card Debit Card
CHICK - FIL - A # 02513 HOUSTON TX",$14.74
UFCU checking,"03/06
03/05","Debit Card Debit Card
USA * BARRETT VENDING HOUSTON TX",$1.10
UFCU checking,"03/06
03/05","Debit Card Debit Card
TST * BETSY ON BELLAIRE BELLAIRE TX",$5.33
UFCU checking,03/06,"ACH PAYPAL
TYPE : INST XFER ID : PAYPALSI77
CO : PAYPAL",$15.58
UFCU checking,"03/06
03/05","Debit Card Debit Card
TAQUERIA ARANDAS 21 JERSEY VILLAG TX",$10.65
UFCU checking,03/06,"POS # 006674343200
SWIFT FOOD MART 2047 WIRT RD #A HOUSTON TX",$14.38
UFCU checking,03/07,"POS # 006737001619
NWS GALVESTON RAILR561937 2602 SANTA FE
PLACE GALVESTON TX",$10.77
UFCU checking,03/07,"POS # 006760001622
NWS GALVESTON RAILR732578 2602 SANTA FE
PLACE GALVESTON TX",$24.46
UFCU checking,"03/07
03/07","Debit Card Debit Card
SQ * TORNADO TACO Houston TX",$17.24
UFCU checking,03/07,"POS # 006714066286
CORNER STORE 2608 GALVESTON TX",$13.88
UFCU checking,03/07,"POS # 006714065846
CORNER STORE 2608 GALVESTON TX",$55.01
UFCU checking,"03/07
03/07","Debit Card Debit Card
SQ * VICTORIA NEWSOME Galveston TX",$8.75
UFCU checking,"03/08
03/07","Debit Card Debit Card
THE ORIGINAL MEXICAN CA GALVESTON TX",$2.15
UFCU checking,"03/08
03/07","Debit Card Debit Card
THE ORIGINAL MEXICAN CA GALVESTON TX",$41.55
UFCU checking,"03/08
03/07","Debit Card Debit Card
CHASE - GALVESTONCOUNTY CHICAGO IL",$0.50
UFCU checking,"03/08
03/07","Debit Card Debit Card
GALVESTON COUNTY TOLL GALVESTON TX",$2.00
UFCU checking,03/09,Debit Card Debit Card,$10.12
UFCU checking,"03/09
03/08","Debit Card Debit Card
GALVESTON RAILROAD MUS 409-765-5700 TX",$30.00
UFCU checking,03/09,"ACH PAYPAL
TYPE : INST XFER ID : PAYPALSI77
CO : PAYPAL",$22.19
UFCU checking,03/09,"ACH CITY OF HOUSTON
TYPE : WATER BILL ID : 6746001164
CO : CITY OF HOUSTON",$64.12
UFCU checking,03/09,"ACH PAYPAL
TYPE : INST XFER ID : PAYPALSI77
CO : PAYPAL",$867.08
UFCU checking,03/09,"POS # 006902959600
SWIFT FOOD MART 2047 WIRT RD #A HOUSTON TX",$4.05
UFCU checking,03/09,"Internet Banking Transfer
From R. ERIK SWEDBER XXXXXXXXXX Share 0080",
UFCU checking,03/09,"POS # 006900036179
KROGER # 346 HOUSTON HOUSTON TX",$9.11
UFCU checking,"03/10
03/08","Debit Card Debit Card
GODAVARI HOUSTON TX",$41.54
UFCU checking,03/10,"POS # 007014381300
SHELL SERVICE STATION 5630 NORTH LAMAR
AUSTIN TX",$2.59
UFCU checking,"03/10
03/09","Debit Card Debit Card
LUPE TORTILLA # 8 HOUSTON TX",$78.63
UFCU checking,"03/10
03/10","Debit Card Debit Card
TAQUERIA PANADERIA RIO LA GRANGE TX",$8.25
UFCU checking,03/11,"CO : SOFI PAYMENTS
ACH SOFI PAYMENTS
TYPE : PL PYMT ID : 3452499527","$2,682.80"
UFCU checking,"03/11
03/10","Debit Card Debit Card
DART BOWL CAFE AUSTIN TX",$17.64
UFCU checking,"03/11
03/10","Debit Card Debit Card
AUSTIN VINTAGE GUITARS AUSTIN TX",$25.64
UFCU checking,03/11,"POS # 007115130437
OMO CHEVRON LAKE AU561164 2402 LAKE AUSTIN
BLVD . AUSTIN TX",$2.29
UFCU checking,"03/11
03/10","Debit Card Debit Card
P TERRYS BURGER STAND AUSTIN TX",$4.28
UFCU checking,"03/11
03/11","Debit Card Debit Card
SQ * THUNDERBIRD CAFE & Austin TX",$13.21
UFCU checking,03/11,"POS # 007200323591
CVS / PHARMACY # 10 10888- AUSTIN TX",$5.40
UFCU checking,03/12,"ACH VENMO
TYPE : PAYMENT ID : 3264681992 CO : VENMO",$40.00
UFCU checking,03/12,"ACH VENMO
TYPE : PAYMENT ID : 3264681992 CO : VENMO",$45.00
UFCU checking,"03/12
03/11","Debit Card Debit Card
EXXONMOBIL 48030522 AUSTIN TX",$12.96
UFCU checking,"03/12
03/11","Debit Card Debit Card
ROSEDALE MARKET AUSTIN TX",$10.06
UFCU checking,"03/12
03/12","Debit Card Debit Card
SQ * FIGURE 8 COFFEE PUR Austin TX",$11.99
UFCU checking,03/12,"Internet Banking Transfer
From R. ERIK SWEDBER XXXXXXXXXX Share 0080",
UFCU checking,03/12,Internet Banking Transfer To Loan 0050,"$1,852.46"
UFCU checking,"03/12
03/12","Debit Card Debit Card
EL MERCADO UPTOWN AUSTIN TX",$25.63
UFCU checking,"03/13
03/12","Debit Card Debit Card
DSMC UT HOLY ROAST COFF AUSTIN TX",$2.54
UFCU checking,03/13,"ACH RANDALL E SWED
TYPE : P2P ID : 1770527921
CO : RANDALL E SWED",
UFCU checking,03/13,"ACH PAYPAL
TYPE : INST XFER ID : PAYPALSI77
CO : PAYPAL",$9.39
UFCU checking,03/13,"ACH BARCLAYCARD US
TYPE : CREDITCARD ID : 2510407970
CO : BARCLAYCARD US",$398.00
UFCU checking,"03/14
03/13","Debit Card Debit Card
SWEET MARIA'S COFFEE 510-628-0992 CA",$65.57
UFCU checking,"03/14
03/13","Debit Card Debit Card
SWIFT FOOD MART HOUSTON TX",$24.72
UFCU checking,"03/14
03/13","Debit Card Debit Card
FOREST WEST CITGO HOUSTON TX",$9.25
UFCU checking,03/16,"ACH PAYPAL
TYPE : INST XFER ID : PAYPALSI77
CO : PAYPAL",$5.00
UFCU checking,03/16,"ACH VENMO
TYPE : PAYMENT ID : 3264681992 CO : VENMO",$75.00
UFCU checking,03/16,"ACH NAVI ED SERV WEB
TYPE : STUDNTLOAN ID : 9102001102
CO : NAVI ED SERV WEB","$1,316.45"
UFCU checking,03/16,"ACH PAYPAL
TYPE : INST XFER ID : PAYPALSI77
CO : PAYPAL","$2,000.00"
UFCU checking,03/16,"ACH USAA.COM PAYMNT
TYPE : CREDIT CRD ID : 122487129
CO : USAA.COM PAYMNT","$9,165.68"
UFCU checking,03/17,"ACH PAYPAL
TYPE : INST XFER ID : PAYPALSI77
CO : PAYPAL",$150.00
UFCU checking,03/18,"Internet Banking Transfer
From R. ERIK SWEDBER XXXXXXXXXX Share 0080",
UFCU checking,03/18,"ACH ALLY BANK
TYPE : $ TRANSFER ID : 3770527921
CO : ALLY BANK","$3,000.00"
UFCU checking,03/19,"ACH USAA P & C EXT
TYPE : AUTOPAY ID : USAA - PC
CO : USAA P & C EXT",$614.10
UFCU checking,03/21,Internet Banking Transfer To Loan 0050,"$2,056.02"
UFCU checking,03/23,"ACH PAYPAL
TYPE : INST XFER ID : PAYPALSI77
CO : PAYPAL",$150.00
UFCU checking,03/23,"ACH WELLS FARGO AUTO
TYPE : FEE & PMTS ID : 9330291646
CO : WELLS FARGO AUTO",$397.67
UFCU checking,03/24,"ACH CPENERGY ENTEX
TYPE : ENT ACH EB ID : 176051140D
CO : CPENERGY ENTEX",$64.99
UFCU checking,03/24,"ACH Green Mountain E
TYPE : 0271D ID : 4030360441
CO : Green Mountain E",$102.42
UFCU checking,03/24,"ACH USAA.COM PAYMNT
TYPE : CREDIT CRD ID : 122487129
CO : USAA.COM PAYMNT","$4,000.00"
UFCU checking,03/28,"Internet Banking Transfer
TO CASTLE , WENDY XXXXXXXXXX Share 0080",$200.00
UFCU checking,03/30,"Internet Banking Transfer
From R. ERIK SWEDBER XXXXXXXXXX Share 0080",
UFCU checking,03/31,"ACH BANK OF THE WEST
TYPE : IC PAYMENT ID : 2940475440
CO : BANK OF THE WEST",$512.83
UFCU checking,03/31,"POS # 009129515621
NNT KONA ICE K - 16 571851 1802 AFTON ST
HOUSTON TX",$5.00
UFCU checking,03/31,"Internet Banking Transfer
From R. ERIK SWEDBER XXXXX XXXX Share 0080",
UFCU checking,05/01,"ACH VENMO
TYPE : PAYMENT ID : 3264681992 CO : VENMO",$262.50
UFCU checking,05/01,"Internet Banking Transfer
From R. ERIK SWEDBER XXXXXXXXXX Share 0080",
UFCU checking,"05/02
05/02","Debit Card Debit Card
VCI * VITACOST.COM 800-793-2601 FL",$19.17
UFCU checking,"05/02
05/02","Debit Card Debit Card
VCI * VITACOST.COM 800-793-2601 FL",$6.48
UFCU checking,05/02,"Kiosk Transfer To Loan 0050
Mobile Banking Transfer",$480.97
UFCU checking,"05/03
05/03","Debit Card Debit Card
VCI * VITACOST.COM 800-793-2601 FL",$156.13
UFCU checking,05/04,"ACH VENMO
TYPE : PAYMENT ID : 3264681992 CO : VENMO",$25.00
UFCU checking,05/04,"ACH CITY OF HOUSTON
TYPE : WATER BILL ID : 6746001164
CO : CITY OF HOUSTON",$103.92
UFCU checking,05/04,"ACH BCBS HEALTH HPS
TYPE : 8007928595 ID : 1361236610
CO : BCBS HEALTH HPS","$1,749.87"
UFCU checking,05/04,"ACH ALLY BANK
TYPE : $ TRANSFER ID : 3770527921
CO : ALLY BANK","$3,300.00"
UFCU checking,05/04,Internet Banking Transfer To Loan 0050,$64.35
UFCU checking,05/04,"Internet Banking Transfer
TO CASTLE , WENDY XXXXXXXXXX Share 0080","$1,000.00"
UFCU checking,05/04,"ACH FIRSTUNITEDBANK
TYPE : LOAN PMT ID : 1730222372
CO : FIRSTUNITEDBANK","$1,906.04"
UFCU checking,"05/05
05/04","Debit Card Debit Card
SQ * BLACK HOLE COFFEE H Houston TX",$13.45
UFCU checking,"05/05
05/04","Debit Card Debit Card
STAR PIZZA - 2 HOUSTON TX",$61.55
UFCU checking,05/05,"ACH PAYPAL
TYPE : INST XFER ID : PAYPALSI77
CO : PAYPAL",$299.00
UFCU checking,05/05,"ACH USAA.COM PAYMNT
TYPE : CREDIT CRD ID : 122487129
CO : USAA.COM PAYMNT",$597.76
UFCU checking,05/05,"ACH BARCLAYCARD US
TYPE : CREDITCARD ID : 2510407970
CO : BARCLAYCARD US",$797.40
UFCU checking,05/06,"POS # 5WIWOEEQOSQI
AMAZON.COM * S51IK2LT3 SEATTLE WA",$47.62
UFCU checking,"05/06
05/06","Debit Card Debit Card
AMZN Mktp US * E03DN6BL3 Amzn.com/bill WA",$12.44
UFCU checking,"05/06
05/05","Debit Card Debit Card
US CHESS FEDERATION SA 888-512-4377 AL",$104.75
UFCU checking,05/07,"POS # 0000005HMIOE
AMAZON.COM * 3R21L1A63 SEATTLE WA",$68.18
UFCU checking,"05/07
05/07","Debit Card Debit Card
Amazon.com * TT6IB1H63 Amzn.com/bill WA",$5.83
UFCU checking,"05/07
05/07","Debit Card Debit Card
Amazon.com * 9P5107B03 Amzn.com/bill WA",$8.65
UFCU checking,05/09,"Internet Banking Transfer
From R. ERIK SWEDBER XXXXXXXXXX Share 0080",
UFCU checking,05/09,"Internet Banking Transfer
From R. ERIK SWEDBER XXXXXXXXXX Share 0080",
UFCU checking,05/11,"ACH SOFI PAYMENTS
TYPE : PL PYMT ID : 3452499527
CO : SOFI PAYMENTS","$2,682.80"
UFCU checking,05/13,"Internet Banking Transfer bills and CCs .
From R. ERIK SWEDBER XXXXXXXXXX Share 0080",
UFCU checking,05/13,Internet Banking Transfer To Loan 0050,$477.39
UFCU checking,05/14,"ACH PAYPAL
TYPE : INST XFER ID : PAYPALSI77
CO : PAYPAL",$104.84
UFCU checking,05/14,"ACH NAVI ED SERV WEB
TYPE : STUDNTLOAN ID : 9102001102
CO : NAVI ED SERV WEB","$1,316.45"
UFCU checking,05/14,"ACH USAA.COM PAYMNT
TYPE : CREDIT CRD ID : 122487129
CO : USAA.COM PAYMNT","$2,403.12"
UFCU checking,05/14,Internet Banking Transfer To Loan 0050,$48.31
UFCU checking,05/15,"ACH HCTRA EFT
TYPE : EZTAGSTPPD ID : 2746019451
CO : HCTRA EFT",$40.00
UFCU checking,05/15,Internet Banking Transfer To Loan 0050,$7.02
UFCU checking,05/15,Internet Banking Transfer To Loan 0050,$7.46
UFCU checking,"05/17
05/17","Debit Card Debit Card
CHEVRON 0381225 HOUSTON TX",$34.04
UFCU checking,"05/18
05/15","Debit Card Debit Card
FRATELLI'S RISTORANTE HOUSTON TX",$62.99
UFCU checking,05/18,"ACH USAA.COM PAYMNT
TYPE : CREDIT CRD ID : 122487129
CO : USAA.COM PAYMNT",$43.37
UFCU checking,05/18,"Internet Banking Transfer
From R. ERIK SWEDBER XXXXXXXXXX Share 0080",
UFCU checking,05/18,"Internet Banking Transfer
From R. ERIK SWEDBER XXXXXXXXXX Share 0080",
UFCU checking,05/18,Internet Banking Transfer To Loan 0050,$179.18
UFCU checking,05/18,"Internet Banking Transfer
From R. ERIK SWEDBER XXXXXXXXXX Share 0080",
UFCU checking,05/18,Internet Banking Transfer To Loan 0050,"$1,146.35"
UFCU checking,05/18,"Internet Banking Transfer
From R. ERIK SWEDBER XXXXXXXXXX Share 0080",
UFCU checking,05/19,"ACH USAA.COM PAYMNT
TYPE : CREDIT CRD ID : 122487129
CO : USAA.COM PAYMNT",$312.43
UFCU checking,05/19,"ACH USAA P & C EXT
TYPE : AUTOPAY ID : USAA - PC
CO : USAA P & C EXT",$408.15
UFCU checking,05/21,"ACH VENMO
TYPE : PAYMENT ID : 3264681992 CO : VENMO",$200.00
UFCU checking,05/22,"ACH USAA.COM PAYMNT
TYPE : CREDIT CRD ID : 122487129
CO : USAA.COM PAYMNT",$51.58
UFCU checking,05/25,"Internet Banking Transfer
From R. ERIK SWEDBER XXXXXXXXXX Share 0080",
UFCU checking,05/26,"ACH VENMO
TYPE : PAYMENT ID : 3264681992 CO : VENMO",$52.00
UFCU checking,05/27,"ACH USAA.COM PAYMNT
TYPE : CREDIT CRD ID : 122487129",$198.38
UFCU checking,05/29,"Internet Banking Transfer bills
CO : USAA.COM PAYMNT
From R. ERIK SWEDBER XXXXXXXXXX Share 0080",
UFCU checking,05/29,"Internet Banking Transfer
TO CASTLE , WENDY XXXXXXXXXX Share 0080",$350.00
UFCU checking,"02/03
02/01","Debit Card Debit Card
MIGHT AS WELL LOUNGE HOUSTON TX",$56.00
UFCU checking,"02/03
02/02","Debit Card Debit Card
SUBWAY 00075499 HOUSTON TX",$5.40
UFCU checking,"02/04
02/03","Debit Card Debit Card
SUBWAY 00075499 HOUSTON TX",$5.40
UFCU checking,"02/04
02/04","Debit Card Debit Card
TAQUERIA ARANDAS 4 HOUSTON TX",$8.21
UFCU checking,"02/05
02/03","Debit Card Debit Card
RAJA SWEETS HOUSTON TX",$5.00
UFCU checking,"02/05
02/04","Debit Card Debit Card
MCDONALD'S F20638 HOUSTON TX",$1.83
UFCU checking,"02/05
02/04","Debit Card Debit Card
SUBWAY 00075499 HOUSTON TX",$8.54
UFCU checking,02/05,"Internet Banking Transfer
From R. ERIK SWEDBER XXXXXXXXXX Share 0080",
UFCU checking,02/05,"POS # 003789000867
NNT SOUND EXCHANGE 071406 101 N MILBY ST
STE 3 HOUSTON TX",$49.77
UFCU checking,"02/06
02/06","Debit Card Debit Card
MERIDA RESTAURANT HOUSTON TX",$56.47
UFCU checking,02/06,"POS # 003700010612
KROGER # 346 HOUSTON HOUSTON TX",$54.30
UFCU checking,"02/06
02/05","Debit Card Debit Card
SUBWAY 00075499 HOUSTON TX",$6.77
UFCU checking,02/06,"POS # 003721314969
PETCO # 5408 HOUSTON TX",$55.27
UFCU checking,02/06,"POS # 003721876453
PETCO # 5408 HOUSTON TX",$9.92
UFCU checking,"02/07
02/06","Debit Card Debit Card
TAQUERIA ARANDAS 4 HOUSTON TX",$11.73
UFCU checking,02/07,"ACH PAYPAL
TYPE : INST XFER ID : PAYPALSI77
CO : PAYPAL",$60.00
UFCU checking,02/07,"ACH CITY OF HOUSTON
TYPE : WATER BILL ID : 6746001164
CO : CITY OF HOUSTON",$75.07
UFCU checking,02/07,"ACH ATT
TYPE : Payment ID : 9864031005 CO : ATT",$308.71
UFCU checking,02/07,"ACH BARCLAYCARD US
TYPE : CREDITCARD ID : 2510407970
CO : BARCLAYCARD US",$662.63
UFCU checking,02/07,"ACH BCBS HEALTH HPS
TYPE : 8007928595 ID : 1361236610
CO : BCBS HEALTH HPS","$1,749.87"
UFCU checking,02/07,"at ATM # 003800002078
SWIFT MART -K168606 2047 WIRT RD HOUSTON
TX LK168606",$102.75
UFCU checking,02/07,"Non UFCU ATM Fee
SWIFT MART -K168606 2047 WIRT RD HOUSTON
TX LK168606",$1.00
UFCU checking,02/07,"POS # 003851053900
SWIFT FOOD MART 2047 WIRT RD #A HOUSTON TX",$7.84
UFCU checking,02/07,"POS # 003857315100
SWIFT FOOD MART 2047 WIRT RD #A HOUSTON TX",$50.58
UFCU checking,"02/07
02/07","Debit Card Debit Card
LEANDER / NW AUSTIN KOA 512-259-7200 TX",$56.05
UFCU checking,"02/07
02/06","Debit Card Debit Card
FUZZYS PIZZA - HOUSTON HOUSTON TX",$42.80
UFCU checking,"02/07
02/06","Debit Card Debit Card
INDIANOLA , VINNY'S , MIS HOUSTON TX",$26.65
UFCU checking,"02/07
02/06","Debit Card Debit Card
AUSTIN STEAM TRAIN 512-4778468 TX",$106.00
UFCU checking,02/07,"ACH FIRSTUNITEDBANK
TYPE : LOAN PMT ID : 1730222372
CO : FIRSTUNITEDBANK","$1,906.04"
UFCU checking,02/07,Check 2178,$450.00
UFCU checking,"02/08
02/07","Debit Card Debit Card
LIL ' DANNY SPEEDO'S GO HOUSTON TX",$29.00
UFCU checking,"02/08
02/07","Debit Card Debit Card
MCDONALD'S F20638 HOUSTON TX",$7.23
UFCU checking,"02/08
02/07","Debit Card Debit Card
FIVE GUYS 4037 QSR CYPRESS TX",$38.95
UFCU checking,02/08,"POS # 003915925178
LATTE VISTA LAGO VISTA TX",$3.17
UFCU checking,02/08,"POS # 003910851393
CEFCO # 0036 LAGO VISTA LEANDER TX",$3.09
UFCU checking,"02/08
02/08","Debit Card Debit Card
SQ * THE BLUE STORE BURNET TX",$27.06
UFCU checking,"02/10
02/08","Debit Card Debit Card
SWEETEN UP BAKE SHOP LEANDER TX",$31.84
UFCU checking,"02/10
02/08","Debit Card Debit Card
SWEETEN UP BAKE SHOP LEANDER TX",$4.20
UFCU checking,"02/10
02/10","Debit Card Debit Card
TAQUERIA ARANDAS 4 HOUSTON TX",$10.37
UFCU checking,02/11,"ACH SOFI PAYMENTS
TYPE : PL PYMT ID : 3452499527
CO : SOFI PAYMENTS","$2,682.80"
UFCU checking,02/11,"POS # 004287376500
SWIFT FOOD MART 2047 WIRT RD #A HOUSTON TX",$7.85
UFCU checking,02/11,"POS # 004200036899
KROGER # 346 HOUSTON HOUSTON TX",$9.25
UFCU checking,02/11,"POS # 004200510529
KROGER # 346 HOUSTON HOUSTON TX",$67.17
UFCU checking,02/11,"at ATM # 004200003134
PROSPERITY BANK 7811 LONG POINT RD HOUSTON
TX TX001796",$263.50
UFCU checking,02/11,"Non UFCU ATM Fee
PROSPERITY BANK 7811 LONG POINT RD HOUSTON
TX TX001796",$1.00
UFCU checking,02/11,"Shared Branch # 207138
University FCU Mobile Deposit University
FC TX",
UFCU checking,02/11,"Shared Branch # 209257
University FCU Mobile Deposit University
FC TX",
UFCU checking,02/11,"Shared Branch # 209977
University FCU Mobile Deposit University
FC TX",
UFCU checking,"02/12
02/11","Debit Card Debit Card
HCTRA EZTAG Storefront 281-8753279 TX",$2.63
UFCU checking,"02/12
02/11","Debit Card Debit Card
MCDONALD'S F20638 HOUSTON TX",$3.02
UFCU checking,"02/12
02/11","Debit Card Debit Card
BASKIN # 355682 HOUSTON TX",$14.53
UFCU checking,02/12,"ACH RANDALL E SWED
TYPE : P2P ID : 1770527921
CO : RANDALL E SWED",
UFCU checking,02/12,Internet Banking Transfer To Loan 0050,"$2,604.90"
UFCU checking,"02/12
02/12","Debit Card Debit Card
Reverb.com 188-87262728 IL",$337.88
UFCU checking,02/13,"ACH RANDALL E SWED
TYPE : P2P ID : 1770527921
CO : RANDALL E SWED",
UFCU checking,02/13,"ACH BARCLAYCARD US
TYPE : CREDITCARD ID : 2510407970
CO : BARCLAYCARD US",$795.00
UFCU checking,02/13,"ACH NAVI ED SERV WEB
TYPE : STUDNTLOAN ID : 9102001102
CO : NAVI ED SERV WEB","$1,316.45"
UFCU checking,02/13,"ACH USAA.COM PAYMNT
TYPE : CREDIT CRD ID : 122487129
CO : USAA.COM PAYMNT","$5,400.00"
UFCU checking,"02/13
02/12","Debit Card Debit Card
WAN FU CAFE HOUSTON TX",$43.34
UFCU checking,02/14,"ACH USAA.COM PAYMNT
TYPE : CREDIT CRD ID : 122487129
CO : USAA.COM PAYMNT","$1,772.22"
UFCU checking,"02/15
02/14","Debit Card Debit Card
SQ * KIM CHAU RESTAU HOUSTON TX",$11.63
UFCU checking,"02/15
02/14","Debit Card Debit Card
MCDONALD'S F20638 HOUSTON TX",$1.83
UFCU checking,"02/17
02/16","Debit Card Debit Card
TAQUERIA ARANDAS 4 HOUSTON TX",$35.68
UFCU checking,"02/17
02/15","Debit Card Debit Card
KELLEYS COUNTRY COOKIN MEADOWS PLACE TX",$40.17
UFCU checking,02/17,"POS # 004821625672
WALGREENS STORE 530 W L HOUSTON TX",$32.30
UFCU checking,02/18,"ACH VENMO
TYPE : PAYMENT ID : 3264681992 CO : VENMO",$40.00
UFCU checking,02/18,"at ATM # 004918529065
Cardtronics C2S 16244 HWY 105 E CONROE TX
CT007356",$203.25
UFCU checking,02/18,"Non UFCU ATM Fee
Cardtronics C2S 16244 HWY 105 E CONROE TX
CT007356",$1.00
UFCU checking,02/19,"ACH NSF
In the amount $ 614.10 USAA P & C EXT",$30.00
UFCU checking,02/20,"ACH RANDALL E SWED
TYPE : P2P ID : 1770527921
CO : RANDALL E SWED",
UFCU checking,02/21,"ACH Green Mountain E
TYPE : 0271D ID : 4030360441
CO : Green Mountain E",$106.73
UFCU checking,02/24,"ACH USAA P & C EXT
TYPE : RETRY PYMT ID : USAA - PC
CO : USAA P & C EXT",$614.10
UFCU checking,02/24,Internet Banking Transfer,
UFCU checking,02/24,"From R. ERIK SWEDBER XXXXXXXXXX Share 0080
Internet Banking Transfer
TO CASTLE , WENDY XXXXXXXXXX Share 0080","$1,000.00"
UFCU checking,02/24,"POS # 005520303339
USPS PO 48018300 8000 L HOUSTON TX",$106.25
UFCU checking,02/24,"POS # 005520855289
USPS PO 48018300 8000 L HOUSTON TX",$16.75
UFCU checking,02/24,"POS # 005516160802
SOUTHWEST AUTOMOTIVE HOUSTON TX",$59.24
UFCU checking,02/24,Check 2217,$265.62
UFCU checking,02/25,"ACH ATT
TYPE : Payment ID : 9864031005 CO : ATT",$350.18
UFCU checking,02/25,"ACH WELLS FARGO AUTO
TYPE : FEE & PMTS ID : 9330291646
CO : WELLS FARGO AUTO",$397.67
UFCU checking,02/25,"ACH ALLY BANK
TYPE : $ TRANSFER ID : 3770527921
CO : ALLY BANK","$2,000.00"
UFCU checking,02/25,"ACH ALLY BANK
TYPE : $ TRANSFER ID : 3770527921
CO : ALLY BANK","$3,000.00"
UFCU checking,"02/25
02/24","Debit Card Debit Card
TACO CABANA 20405 HOUSTON TX",$5.83
UFCU checking,02/25,"POS # 0000004JGRSJ
AMAZON.COM * ZO1KU7ZE3 SEATTLE WA",$165.57
UFCU checking,02/26,"ACH CPENERGY ENTEX
TYPE : ENT ACH EB ID : 176051140D
CO : CPENERGY ENTEX",$56.60
UFCU checking,"02/26
02/26","Debit Card Debit Card
TAQUERIA ARANDAS 4 HOUSTON TX",$7.40
UFCU checking,"02/26
02/26","Debit Card Debit Card
VCI * VITACOST.COM 800-793-2601 FL",$50.71
UFCU checking,"02/27
02/26","Debit Card Debit Card
SUBWAY 00075499 HOUSTON TX",$6.77
UFCU checking,02/27,"POS # 005818498371
ACADEMY SPORTS # 226 BASTROP TX",$18.39
UFCU checking,"02/27
02/27","Debit Card Debit Card
TAQUERIA PANADERIA RIO LA GRANGE TX",$11.00
UFCU checking,02/28,"POS # 005915500874
NAUS ENFIELD DRUG AUSTIN TX",$35.25
UFCU checking,"02/28
02/28","Debit Card Debit Card
SQ * MEDICI Austin TX",$8.00
UFCU checking,02/28,"POS # 005904423300
SHELL SERVICE STATION 4429 DUVAL ST AUSTIN
TX",$9.83
UFCU checking,"02/28
02/28","Debit Card Debit Card
DEEP EDDY CABARET AUSTIN TX",$51.50
UFCU checking,02/29,"POS # 006017053958
WALGREENS STORE 6200 W AUSTIN TX",$1.61
UFCU checking,01/02,"ACH USAA.COM PAYMNT
TYPE : CREDIT CRD ID : 122487129
CO : USAA.COM PAYMNT","$1,001.15"
UFCU checking,01/02,"ACH HCTRA EFT
TYPE : EZTAGSTPPD ID : 2746019451
CO : HCTRA EFT",$39.68
UFCU checking,01/03,"ACH BCBS HEALTH HPS
TYPE : 8007928595 ID : 1361236610
CO : BCBS HEALTH HPS","$1,749.87"
UFCU checking,01/03,"Internet Banking Transfer
TO CASTLE , WENDY XXXXXXXXXX Share 0080","$1,000.00"
UFCU checking,01/03,"ACH FIRSTUNITEDBANK
TYPE : LOAN PMT ID : 1730222372
CO : FIRSTUNITEDBANK","$1,906.04"
UFCU checking,01/07,"ACH RANDALL E SWEDB
TYPE : P2P ID : 1770527921
CO : RANDALL E SWEDB",
UFCU checking,01/07,"ACH CITY OF HOUSTON
TYPE : WATER BILL ID : 6746001164
CO : CITY OF HOUSTON",$64.12
UFCU checking,01/07,Check 2177,$450.00
UFCU checking,01/08,"ACH PAYPAL
TYPE : INST XFER ID : PAYPALSI77
CO : PAYPAL","$2,469.90"
UFCU checking,01/09,"at ATM # 000900004345
COURTESY MAR - 433110 5634 SPRING STUEBNER
SPRING TX P433110",$62.45
UFCU checking,01/09,"Non UFCU ATM Fee
COURTESY MAR - 433110 5634 SPRING STUEBNER
SPRING TX P433110",$1.00
UFCU checking,"01/10
01/09","Debit Card Debit Card
RUDYS STORE # 212 HOUSTON TX",$7.44
UFCU checking,"01/11
01/10","Debit Card Debit Card
SQ * UPTOWN CONVENIE HOUSTON TX",$4.32
UFCU checking,"01/11
01/10","Debit Card Debit Card
LA MADELEINE HOUSTON GA HOUSTON TX",$10.27
UFCU checking,"01/12
01/11","Debit Card Debit Card
TACODELI WASHINGTON AVE HOUSTON TX",$30.01
UFCU checking,"01/12
01/11","Debit Card Debit Card
TACODELI WASHINGTON AVE HOUSTON TX",$3.70
UFCU checking,01/13,"ACH PAYPAL
TYPE : INST XFER ID : PAYPALSI77
CO : PAYPAL",$14.75
UFCU checking,01/13,"ACH PAYPAL
TYPE : INST XFER ID : PAYPALS177
CO : PAYPAL",$18.99
UFCU checking,01/13,"ACH SOFI PAYMENTS
TYPE : PL PYMT ID : 3452499527
CO : SOFI PAYMENTS","$2,682.80"
UFCU checking,"01/13
01/12","Debit Card Debit Card
STARBUCKS STORE 09374 HOUSTON TX",$5.12
UFCU checking,"01/13
01/13","Debit Card Debit Card
TST * BUFFBURGER - MEMOR HOUSTON TX",$47.32
UFCU checking,"01/15
01/12","Debit Card Debit Card
HOUSTON ARBORETUM NATUR HOUSTON TX",$2.35
UFCU checking,01/17,ACH RANDALL E SWEDB,
UFCU checking,01/17,"Internet Banking Transfer
TO CASTLE , WENDY XXXXXXXXXX Share 0080","$1,500.00"
UFCU checking,"01/18
01/18","Debit Card Debit Card
AMZNGrocery * G46S33L73 Amzn.com/bill WA",$184.72
UFCU checking,"01/20
01/20","Debit Card Debit Card
AMZNGrocery * CS4LF6JV3 Amzn.com/bill WA",$10.00
UFCU checking,01/21,"POS # 002119167459
BASS PRO STORE KATY / HO KATY TX",$436.10
UFCU checking,01/22,"ACH PAYPAL
TYPE : INST XFER ID : PAYPALS177
CO : PAYPAL",$10.66
UFCU checking,01/22,"ACH USAA P & C EXT
TYPE : AUTOPAY ID : USAA - PC
CO : USAA P & C EXT",$184.80
UFCU checking,"01/23
01/22","Debit Card Debit Card
DON JOSE MEXICAN REST NORTHSIDE TX",$40.19
UFCU checking,"01/23
01/23","Debit Card Debit Card
TAQUERIA ARANDAS 4 HOUSTON TX",$7.40
UFCU checking,01/24,"ACH Green Mountain E
TYPE : 0271D ID : 4030360441
CO : Green Mountain E",$149.27
UFCU checking,01/24,"ACH BARCLAYCARD US
TYPE : CREDITCARD ID : 2510407970
CO : BARCLAYCARD US",$397.94
UFCU checking,01/24,"POS # 002400038543
KROGER # 346 HOUSTON HOUSTON TX",$2.87
UFCU checking,01/24,"POS # 6NL4JHWBL3ZH
AMAZON.COM * GT62T21Z3 SEATTLE WA",$30.52
UFCU checking,01/24,"POS # 4Y652LLU71B2
AMAZON.COM * MY2N84BE3 SEATTLE WA",$49.78
UFCU checking,"01/24
01/24","Debit Card Debit Card
SQ * TORNADO TACO HOUSTON TX",$19.60
UFCU checking,"01/24
01/24","Debit Card Debit Card
AMZNGrocery * UV1JNOUW3 Amzn.com/bill WA",$171.47
UFCU checking,"01/24
01/23","Debit Card Debit Card
WAN FU CAFE HOUSTON TX",$30.98
UFCU checking,"01/24
01/23","WAN FU CAFE HOUSTON TX
Debit Card Debit Card",$18.64
UFCU checking,"01/25
01/24","Debit Card Debit Card
SQ * CANTINA BARBA Houston TX",$3.25
UFCU checking,"01/25
01/24","Debit Card Debit Card
SQ * CANTINA BARBA Houston TX",$9.74
UFCU checking,01/25,"POS # 002519726159
WHOLEFDS KIR 101 2955 K HOUSTON TX",$56.70
UFCU checking,"01/26
01/26","Debit Card Debit Card
SQ * STREET TO KITCHEN Houston TX",$12.98
UFCU checking,"01/26
01/25","Debit Card Debit Card
STARBUCKS STORE 09374 HOUSTON TX",$2.87
UFCU checking,01/26,"POS # 002612797750
PETCO 469 HOUSTON TX",$91.83
UFCU checking,01/26,"POS # 002614423485
CORNER STORE 2608 GALVESTON TX",$16.45
UFCU checking,"01/26
01/26","Debit Card Debit Card
TACO CABANA 20141 HOUSTON TX",$12.21
UFCU checking,"01/26
01/25","Debit Card Debit Card
SHELL OIL 12628283009 HOUSTON TX",$37.73
UFCU checking,"01/26
01/26","Debit Card Debit Card
AMZNGrocery * CS35D00A3 Amzn.com/bill WA",$10.00
UFCU checking,"01/27
01/26","Debit Card Debit Card
THE D AND W HOUSTON TX",$46.00
UFCU checking,"01/27
01/25","Debit Card Debit Card
SASSAFRAS HOUSTON TX",$23.50
UFCU checking,"01/27
01/25","Debit Card Debit Card
Rehab on the Bayou Houston TX",$67.00
UFCU checking,"01/27
01/25","Debit Card Debit Card
Rehab on the Bayou Houston TX",$32.00
UFCU checking,01/27,"ACH CPENERGY ENTEX
TYPE : ENT ACH EB ID : 176051140D
CO : CPENERGY ENTEX",$75.90
UFCU checking,"01/27
01/26","Debit Card Debit Card
FIVE GUYS TX 1231 QSR PEARLAND TX",$32.10
UFCU checking,"01/27
01/26","Debit Card Debit Card
STARBUCKS STORE 09374 HOUSTON TX",$19.97
UFCU checking,"01/27
01/26","Debit Card Debit Card
CHASE - GALVESTONCOUNTY CHICAGO IL",$0.50
UFCU checking,"01/27
01/26","Debit Card Debit Card
GALVESTON COUNTY TOLL GALVESTON TX",$2.00
UFCU checking,01/27,"POS # 002700038040
KROGER # 346 HOUSTON HOUSTON TX",$2.87
UFCU checking,01/27,"POS # 002700065109
KROGER # 346 HOUSTON HOUSTON TX",$36.93
UFCU checking,"01/27
01/26","Debit Card Debit Card
SHELL OIL 57545871006 GALVESTON TX",$53.06
UFCU checking,01/27,"POS # 002800108271
IKEA HOUSTON REST HOUSTON TX",$3.88
UFCU checking,"01/27
01/27","Debit Card Debit Card
TAQUERIA ARANDAS 4 HOUSTON TX",$16.52
UFCU checking,01/27,"POS # 002801459106
IKEA HOUSTON REST HOUSTON TX",$21.62
UFCU checking,01/27,"POS # 002802729909
IKEA HOUSTON HOUSTON TX",$7.57
UFCU checking,"01/27
01/25","Debit Card Debit Card
KOREA GARDEN RESTAURANT HOUSTON TX",$70.96
UFCU checking,"01/28
01/27","Debit Card Debit Card
SUBWAY 00075499 HOUSTON TX",$5.40
UFCU checking,01/28,"POS # 0000004CWS3R
AMAZON.COM * 7A17G04L3 SEATTLE WA",$23.80
UFCU checking,"01/28
01/28","Debit Card Debit Card
SQ * TORNADO TACO HOUSTON TX",$12.75
UFCU checking,"01/28
01/25","Debit Card Debit Card
HOUSTON MUSEUM OF NATUR HOUSTON TX",$12.00
UFCU checking,"01/28
01/25","Debit Card Debit Card
HOUSTON MUSEUM OF NATUR HOUSTON TX",$5.00
UFCU checking,"01/28
01/25","Debit Card Debit Card
HOUSTON MUSEUM OF NATUR HOUSTON TX",$23.00
UFCU checking,"01/29
01/28","Debit Card Debit Card
BUCHANANS NATIVE PLANTS HOUSTON TX",$8.66
UFCU checking,"01/29
01/28","KFC C521024 HOUSTON TX
Debit Card Debit Card",$8.70
UFCU checking,01/29,"ACH WELLS FARGO AUTO
TYPE : FEE & PMTS ID : 9330291646
CO : WELLS FARGO AUTO",$397.67
UFCU checking,01/29,"ACH BankoftheWest
TYPE : BOWLOANPAY ID : 6940475440
CO : BankoftheWest",$512.83
UFCU checking,"01/30
01/30","Debit Card Debit Card
HICKORY PIT BAR B Q BELLAIRE TX",$27.73
UFCU checking,01/30,"ACH PAYPAL
TYPE : INST XFER ID : PAYPALSI77
CO : PAYPAL",$20.91
UFCU checking,01/30,"POS # 003000505736
KROGER # 346 HOUSTON HOUSTON TX",$4.75
UFCU checking,"01/30
01/30","Debit Card Debit Card
TAQUERIA ARANDAS 4 HOUSTON TX",$9.30
UFCU checking,01/31,"ACH PAYPAL
TYPE : INST XFER ID : PAYPALSI77
CO : PAYPAL",$299.00
UFCU checking,01/31,COURTESY PAY,$40.00
UFCU checking,01/31,"ACH NSF
In the amount $ 512.83 BANK OF THE WEST",$30.00
UFCU checking,"04/01
03/31","Debit Card Debit Card
TXDPS DRIVER LICENSE EGOV.COM TX",$11.00
UFCU checking,04/02,Internet Banking Transfer To Loan 0050,$259.70
UFCU checking,04/02,"Internet Banking Transfer
TO CASTLE , WENDY XXXXXXXXXX Share 0080",$750.00
UFCU checking,04/03,"ACH CITY OF HOUSTON
TYPE : WATER BILL ID : 6746001164
CO : CITY OF HOUSTON",$64.12
UFCU checking,04/03,"ACH ATT
TYPE : Payment ID : 9864031005 CO : ATT",$271.11
UFCU checking,04/03,"ACH PAYPAL
TYPE : INST XFER ID : PAYPALSI77
CO : PAYPAL",$299.00
UFCU checking,04/03,"ACH BARCLAYCARD US
TYPE : CREDITCARD ID : 2510407970
CO : BARCLAYCARD US",$678.00
UFCU checking,04/03,"ACH USAA.COM PAYMNT
TYPE : CREDIT CRD ID : 122487129
CO : USAA.COM PAYMNT","$1,625.10"
UFCU checking,04/03,"ACH BCBS HEALTH HPS
TYPE : 8007928595 ID : 1361236610
CO : BCBS HEALTH HPS","$1,749.87"
UFCU checking,04/06,"ACH VENMO
TYPE : PAYMENT ID : 3264681992 CO : VENMO",$25.00
UFCU checking,04/06,"ACH VENMO
TYPE : PAYMENT ID : 3264681992 CO : VENMO",$87.00
UFCU checking,04/06,"ACH FIRSTUNITEDBANK
TYPE : LOAN PMT ID : 1730222372
CO : FIRSTUNITEDBANK","$1,906.04"
UFCU checking,04/06,"Internet Banking Transfer
TO CASTLE , WENDY XXXXXXXXXX Share 0080","$2,250.00"
UFCU checking,04/07,"CO : PAYPAL
ACH PAYPAL
TYPE : INST XFER ID : PAYPALSI77","$2,250.00"
UFCU checking,04/09,Check 2220,$810.00
UFCU checking,04/09,COURTESY PAY,$40.00
UFCU checking,04/10,"Internet Banking Transfer
From R. ERIK SWEDBER XXXXXXXXXX Share 0080",
UFCU checking,04/10,"ACH PAYPAL
TYPE : TRANSFER ID : PAYPALSD11 CO : PAYPAL",
UFCU checking,04/10,"Internet Banking Transfer
To R. ERIK SWEDBERG XXXXXXXXXX Share 0080","$2,250.00"
UFCU checking,04/13,"ACH IRS TREAS 310
TYPE : TAX REF ID : 9111736946
CO : IRS TREAS 310",
UFCU checking,04/13,"ACH SOFI PAYMENTS
TYPE : PL PYMT ID : 3452499527
CO : SOFI PAYMENTS","$2,682.80"
UFCU checking,04/13,Internet Banking Transfer To Loan 0050,$683.14
UFCU checking,04/13,"ACH USAA.COM PAYMNT
TYPE : CREDIT CRD ID : 122487129
CO : USAA.COM PAYMNT","$1,591.98"
UFCU checking,"04/14
04/13","Debit Card Debit Card
RMA TOLL 833-762-8655 CA",$28.88
UFCU checking,"04/14
04/13","Debit Card Debit Card
TX CHILDRENS HOSPIT 832-824-1000 TX",$20.00
UFCU checking,04/14,"Internet Banking Transfer
To R. ERIK SWEDBERG XXXXXXXXXX Share 0080","$2,800.00"
UFCU checking,04/15,"ACH Green Mountain E
TYPE : 0271D ID : 4030360441
CO : Green Mountain E",$159.23
UFCU checking,04/15,"ACH PAYPAL
TYPE : INST XFER ID : PAYPALSI77
CO : PAYPAL",$200.00
UFCU checking,04/15,"ACH ATT
TYPE : Payment ID : 9864031005 CO : ATT",$271.16
UFCU checking,04/15,"ACH WELLS FARGO AUTO
TYPE : FEE & PMTS ID : 9330291646
CO : WELLS FARGO AUTO",$397.67
UFCU checking,04/15,"ACH NAVI ED SERV WEB
TYPE : STUDNTLOAN ID : 9102001102
CO : NAVI ED SERV WEB","$1,316.45"
UFCU checking,04/15,"ACH FUNDRAZR.COM
CO : FUNDRAZR.COM
TYPE : IAT PAYPAL ID : 770510487C",$8.00
UFCU checking,04/15,"at ATM # 010600004323
PROSPERITY BANK 7811 LONG POINT RD HOUSTON
TX TX001796",$123.50
UFCU checking,04/15,"Non UFCU ATM Fee
PROSPERITY BANK 7811 LONG POINT RD HOUSTON
TX TX001796",$1.00
UFCU checking,04/16,"ACH ROBINHOOD
TYPE : Funds ID : 1464364776 CO : ROBINHOOD",
UFCU checking,04/16,"ACH ROBINHOOD
TYPE : Funds ID : 1464364776 CO : ROBINHOOD",
UFCU checking,04/16,"ACH CPENERGY ENTEX
TYPE : ENT ACH EB ID : 176051140D
CO : CPENERGY ENTEX",$29.51
UFCU checking,04/17,"ACH ROBINHOOD
TYPE : Funds ID : 1464364776 CO : ROBINHOOD","$1,000.00"
UFCU checking,"04/20
04/19","Debit Card Debit Card
LOS CUCOS MEXICAN CAFE HOUSTON TX",$94.53
UFCU checking,04/21,"ACH ROBINHOOD
TYPE : Funds ID : 1464364776 CO : ROBINHOOD",$0.80
UFCU checking,04/21,"ACH PAYPAL
TYPE : INST XFER ID : PAYPALS177
CO : PAYPAL",$34.00
UFCU checking,04/21,"CO : USAA P & C EXT
ACH USAA P & C EXT
TYPE : AUTOPAY ID : USAA - PC",$614.10
UFCU checking,04/27,ACH USAA.COM PAYMNT,$544.89
paypalcredit_2020.pdf,02/08/20,PATAGONIA STATEMENT,$170.44
paypalcredit_2020.pdf,01/29/20,Cash Advance,$185.52
paypalcredit_2020.pdf,02/23/20,PATAGONIA,$112.58
paypalcredit_2020.pdf,02/25/20,PATAGONIA,$267.38
paypalcredit_2020.pdf,03/30/20,GENYPLANNIN,$299.00
paypalcredit_2020.pdf,05/01/20,GENYPLANNIN,$299.00
paypalcredit_2020.pdf,05/05/20,ETSY,$43.15
paypalcredit_2020.pdf,05/12/20,RUTLANDREC,$61.69
paypalcredit_2020.pdf,05/31/20,GENYPLANNIN ,$299.00
paypalcredit_2020.pdf,06/16/20,IFIXIT 805-464-0573,$71.16
paypalcredit_2020.pdf,06/17/20,DR CRUCIAL,$270.60
paypalcredit_2020.pdf,07/03/20,WESTCOTTDES,"$1,560.00"
paypalcredit_2020.pdf,06/15/20,Cash Advance,$103.20
paypalcredit_2020.pdf,07/14/20,VIVIDRACING,$180.05
paypalcredit_2020.pdf,07/15/20,BUILTRIGHT,$39.99
paypalcredit_2020.pdf,07/16/20,FRONTRUNNER,$181.04
paypalcredit_2020.pdf,07/21/20,RVPARTSCOUN,$954.97
paypalcredit_2020.pdf,07/21/20,SIERRAEXPED,$215.55
paypalcredit_2020.pdf,07/21/20,CAMPLUX,$159.64
paypalcredit_2020.pdf,07/21/20,VITACOSTCOM,$106.45
paypalcredit_2020.pdf,07/21/20,FORDTRUCKS,$19.99
paypalcredit_2020.pdf,07/22/20,LUCKY8OFFRO EBAY LUC,"$1,061.49"
paypalcredit_2020.pdf,07/28/20,GPS4US.COM,$116.95
paypalcredit_2020.pdf,08/02/20,HOME DEPOT,$378.81
paypalcredit_2020.pdf,08/16/20,BESTBUY COM,$140.71
paypalcredit_2020.pdf,08/16/20,BESTBUY COM,$140.71
paypalcredit_2020.pdf,08/20/20,CHARPORTERS EBAY CHA,$62.76
paypalcredit_2020.pdf,08/23/20,BEDBATHBEY,$432.99
paypalcredit_2020.pdf,09/08/20,HUTCH MTN,$507.93
paypalcredit_2020.pdf,09/12/20,SUMMIT,$61.53
paypalcredit_2020.pdf,09/15/20,CARID.COM,$840.12
paypalcredit_2020.pdf,09/24/20,MRELECTRONI,$399.95
paypalcredit_2020.pdf,09/29/20,KP ACADEMY,"$1,000.00"
paypalcredit_2020.pdf,10/01/20,MOXIESOUTLE,$20.24
paypalcredit_2020.pdf,10/09/20,GIVING FUND,$1.00
paypalcredit_2020.pdf,10/09/20,VERDE CAMP,$78.92
paypalcredit_2020.pdf,10/22/20,GOFIT LLC STATEMENT,$114.96
paypalcredit_2020.pdf,10/24/20,VERDE CAMP,$100.00
paypalcredit_2020.pdf,10/16/20,Cash Advance,$206.10
paypalcredit_2020.pdf,11/20/20,POWERSTROKE PATENT,$89.74
paypalcredit_2020.pdf,11/26/20,ETORQUED,$115.30
paypalcredit_2020.pdf,11/27/20,BESTBUY COM,$259.79
paypalcredit_2020.pdf,11/28/20,BESTBUY COM,$303.09
paypalcredit_2020.pdf,12/07/20,GALEBANKSEN,$324.00
paypalcredit_2020.pdf,12/24,BESTBUY,$703.61